<?xml version="1.0" encoding="UTF-8" standalone="yes"?>
<addon id="plugin.video.adulthideout" name="AdultHideout" version="0.8.3" provider-name="Vashiel">
    <requires>
    </requires>
    <extension point="xbmc.python.pluginsource"
               library="default.py">
        <provides>video</provides>
    </extension>
    <extension point="xbmc.addon.metadata">
	<reuselanguageinvoker>false</reuselanguageinvoker>
        <news>
v 0.8.3 15-10-2017 - removed yes.xxx (site is dead) - removed Tubegalore, Upornia and Beeg (for now, until i find a fix) - fixed ashemale.com - fixed yespornplease.com - fixed pornxs.com - fixed youporn.com - datoporn.com
        </news>
        <summary>[COLOR red]XXX[/COLOR] Porn videos</summary>
        <description>
Internet [COLOR red]XXX Porn Video[COLOR white] Streams.
    
[COLOR red][B]WARNING:[/B][COLOR red]Only for adults[/COLOR]	

[COLOR white]Github:
https://github.com/Vashiel/repository.adulthideout

Email:
adulthideout@yandex.com[/COLOR]	

		</description>
		<disclaimer>
		</disclaimer>	
		<platform>all</platform>
		<license>http://www.gnu.org/licenses/</license>
		<forum></forum>
		<website></website>    
		<email></email>
		<mainsource>https://github.com/Vashiel/repository.adulthideout</mainsource>    
		<source></source> 		
    </extension>
</addon>
