<xml>
  <item>
	<title>[COLOR gold]VoD 76[/COLOR]</title>
	<link>>http://static.brazzers.com/scenes/3424/180sec.flv</link>
	<thumbnail></thumbnail>
	<fanart></fanart>
  </item>
  
  <item>
	<title>[COLOR gold]VoD 77[/COLOR]</title>
	<link>>http://static.brazzers.com/scenes/3425/180sec.flv</link>
	<thumbnail>http://i.imgur.com/fPx3JtD.png</thumbnail>
	<fanart></fanart>
  </item>
  
  <item>
	<title>[COLOR gold]VoD 78[/COLOR]</title>
	<link>>http://static.brazzers.com/scenes/3426/180sec.flv</link>
	<thumbnail>http://i.imgur.com/fPx3JtD.png</thumbnail>
	<fanart></fanart>
  </item>
  
  <item>
	<title>[COLOR gold]VoD 79[/COLOR]</title>
	<link>>http://static.brazzers.com/scenes/3427/180sec.flv</link>
	<thumbnail>http://i.imgur.com/fPx3JtD.png</thumbnail>
	<fanart></fanart>
  </item>
  
  <item>
	<title>[COLOR gold]VoD 80[/COLOR]</title>
	<link>>http://static.brazzers.com/scenes/3428/180sec.flv</link>
	<thumbnail>http://i.imgur.com/fPx3JtD.png</thumbnail>
	<fanart></fanart>
  </item>
  
  <item>
	<title>[COLOR gold]VoD 81[/COLOR]</title>
	<link>>http://static.brazzers.com/scenes/3429/180sec.flv</link>
	<thumbnail>http://i.imgur.com/fPx3JtD.png</thumbnail>
	<fanart></fanart>
  </item>
  
  <item>
	<title>[COLOR gold]VoD 82[/COLOR]</title>
	<link>>http://static.brazzers.com/scenes/3430/180sec.flv</link>
	<thumbnail>http://i.imgur.com/fPx3JtD.png</thumbnail>
	<fanart></fanart>
  </item>
  
  <item>
	<title>[COLOR gold]VoD 83[/COLOR]</title>
	<link>>http://static.brazzers.com/scenes/3431/180sec.flv</link>
	<thumbnail>http://i.imgur.com/fPx3JtD.png</thumbnail>
	<fanart></fanart>
  </item>
  
  <item>
	<title>[COLOR gold]VoD 84[/COLOR]</title>
	<link>>http://static.brazzers.com/scenes/3432/180sec.flv</link>
	<thumbnail>http://i.imgur.com/fPx3JtD.png</thumbnail>
	<fanart></fanart>
  </item>
  
  <item>
	<title>[COLOR gold]VoD 85[/COLOR]</title>
	<link>>http://static.brazzers.com/scenes/3433/180sec.flv</link>
	<thumbnail>http://i.imgur.com/fPx3JtD.png</thumbnail>
	<fanart></fanart>
  </item>
  
  <item>
	<title>[COLOR gold]VoD 86[/COLOR]</title>
	<link>>http://static.brazzers.com/scenes/3434/180sec.flv</link>
	<thumbnail>http://i.imgur.com/fPx3JtD.png</thumbnail>
	<fanart></fanart>
  </item>
  
  <item>
	<title>[COLOR gold]VoD 87[/COLOR]</title>
	<link>>http://static.brazzers.com/scenes/3435/180sec.flv</link>
	<thumbnail>http://i.imgur.com/fPx3JtD.png</thumbnail>
	<fanart></fanart>
  </item>
  
  <item>
	<title>[COLOR gold]VoD 88[/COLOR]</title>
	<link>>http://static.brazzers.com/scenes/3436/180sec.flv</link>
	<thumbnail>http://i.imgur.com/fPx3JtD.png</thumbnail>
	<fanart></fanart>
  </item>
  
  <item>
	<title>[COLOR gold]VoD 89[/COLOR]</title>
	<link>>http://static.brazzers.com/scenes/3437/180sec.flv</link>
	<thumbnail>http://i.imgur.com/fPx3JtD.png</thumbnail>
	<fanart></fanart>
  </item>
  
  <item>
	<title>[COLOR gold]VoD 90[/COLOR]</title>
	<link>>http://static.brazzers.com/scenes/3438/180sec.flv</link>
	<thumbnail>http://i.imgur.com/fPx3JtD.png</thumbnail>
	<fanart></fanart>
  </item>
  
  <item>
	<title>[COLOR gold]VoD 91[/COLOR]</title>
	<link>>http://static.brazzers.com/scenes/3439/180sec.flv</link>
	<thumbnail>http://i.imgur.com/fPx3JtD.png</thumbnail>
	<fanart></fanart>
  </item>
  
  <item>
	<title>[COLOR gold]VoD 92[/COLOR]</title>
	<link>>http://static.brazzers.com/scenes/3440/180sec.flv</link>
	<thumbnail>http://i.imgur.com/fPx3JtD.png</thumbnail>
	<fanart></fanart>
  </item>
  
  <item>
	<title>[COLOR gold]VoD 93[/COLOR]</title>
	<link>>http://static.brazzers.com/scenes/3441/180sec.flv</link>
	<thumbnail>http://i.imgur.com/fPx3JtD.png</thumbnail>
	<fanart></fanart>
  </item>
  
  <item>
	<title>[COLOR gold]VoD 94[/COLOR]</title>
	<link>>http://static.brazzers.com/scenes/3442/180sec.flv</link>
	<thumbnail>http://i.imgur.com/fPx3JtD.png</thumbnail>
	<fanart></fanart>
  </item>
  
  <item>
	<title>[COLOR gold]VoD 95[/COLOR]</title>
	<link>>http://static.brazzers.com/scenes/3443/180sec.flv</link>
	<thumbnail>http://i.imgur.com/fPx3JtD.png</thumbnail>
	<fanart></fanart>
  </item>
  
  <item>
	<title>[COLOR gold]VoD 96[/COLOR]</title>
	<link>>http://static.brazzers.com/scenes/3444/180sec.flv</link>
	<thumbnail>http://i.imgur.com/fPx3JtD.png</thumbnail>
	<fanart></fanart>
  </item>
  
  <item>
	<title>[COLOR gold]VoD 97[/COLOR]</title>
	<link>>http://static.brazzers.com/scenes/3445/180sec.flv</link>
	<thumbnail>http://i.imgur.com/fPx3JtD.png</thumbnail>
	<fanart></fanart>
  </item>
  
  <item>
	<title>[COLOR gold]VoD 98[/COLOR]</title>
	<link>>http://static.brazzers.com/scenes/3446/180sec.flv</link>
	<thumbnail>http://i.imgur.com/fPx3JtD.png</thumbnail>
	<fanart></fanart>
  </item>
  
  <item>
	<title>[COLOR gold]VoD 99[/COLOR]</title>
	<link>>http://static.brazzers.com/scenes/3447/180sec.flv</link>
	<thumbnail>http://i.imgur.com/fPx3JtD.png</thumbnail>
	<fanart></fanart>
  </item>
  
  <item>
	<title>[COLOR gold]VoD 100[/COLOR]</title>
	<link>>http://static.brazzers.com/scenes/3448/180sec.flv</link>
	<thumbnail>http://i.imgur.com/fPx3JtD.png</thumbnail>
	<fanart></fanart>
  </item>
  
  <dir>
	<title>[COLOR yellow]Next Page[/COLOR]</title>
	<link>file://brazz5.xml</link>
	<thumbnail>http://i.imgur.com/fPx3JtD.png</thumbnail>
	<fanart></fanart>
  </dir>
</xml>