<xml>
  <item>
	<title>[COLOR gold]VoD 51[/COLOR]</title>
	<link>http://static.brazzers.com/scenes/3400/180sec.flv</link>
	<thumbnail></thumbnail>
	<fanart></fanart>
  </item>
  
  <item>
	<title>[COLOR gold]VoD 52[/COLOR]</title>
	<link>>http://static.brazzers.com/scenes/3401/180sec.flv</link>
	<thumbnail>http://i.imgur.com/fPx3JtD.png</thumbnail>
	<fanart></fanart>
  </item>
  
  <item>
	<title>[COLOR gold]VoD 53[/COLOR]</title>
	<link>>http://static.brazzers.com/scenes/3402/180sec.flv</link>
	<thumbnail>http://i.imgur.com/fPx3JtD.png</thumbnail>
	<fanart></fanart>
  </item>
  
  <item>
	<title>[COLOR gold]VoD 54[/COLOR]</title>
	<link>>http://static.brazzers.com/scenes/3482/180sec.flv</link>
	<thumbnail>http://i.imgur.com/fPx3JtD.png</thumbnail>
	<fanart></fanart>
  </item>
  
  <item>
	<title>[COLOR gold]VoD 55[/COLOR]</title>
	<link>>http://static.brazzers.com/scenes/3404/180sec.flv</link>
	<thumbnail>http://i.imgur.com/fPx3JtD.png</thumbnail>
	<fanart></fanart>
  </item>
  
  <item>
	<title>[COLOR gold]VoD 56[/COLOR]</title>
	<link>>http://static.brazzers.com/scenes/3405/180sec.flv</link>
	<thumbnail>http://i.imgur.com/fPx3JtD.png</thumbnail>
	<fanart></fanart>
  </item>
  
  <item>
	<title>[COLOR gold]VoD 57[/COLOR]</title>
	<link>>http://static.brazzers.com/scenes/3406/180sec.flv</link>
	<thumbnail>http://i.imgur.com/fPx3JtD.png</thumbnail>
	<fanart></fanart>
  </item>
  
  <item>
	<title>[COLOR gold]VoD 58[/COLOR]</title>
	<link>>http://static.brazzers.com/scenes/3407/180sec.flv</link>
	<thumbnail>http://i.imgur.com/fPx3JtD.png</thumbnail>
	<fanart></fanart>
  </item>
  
  <item>
	<title>[COLOR gold]VoD 59[/COLOR]</title>
	<link>>http://static.brazzers.com/scenes/3408/180sec.flv</link>
	<thumbnail>http://i.imgur.com/fPx3JtD.png</thumbnail>
	<fanart></fanart>
  </item>
  
  <item>
	<title>[COLOR gold]VoD 60[/COLOR]</title>
	<link>>http://static.brazzers.com/scenes/3409/180sec.flv</link>
	<thumbnail>http://i.imgur.com/fPx3JtD.png</thumbnail>
	<fanart></fanart>
  </item>
  
  <item>
	<title>[COLOR gold]VoD 61[/COLOR]</title>
	<link>>http://static.brazzers.com/scenes/3410/180sec.flv</link>
	<thumbnail>http://i.imgur.com/fPx3JtD.png</thumbnail>
	<fanart></fanart>
  </item>
  
  <item>
	<title>[COLOR gold]VoD 62[/COLOR]</title>
	<link>>http://static.brazzers.com/scenes/3411/180sec.flv</link>
	<thumbnail>http://i.imgur.com/fPx3JtD.png</thumbnail>
	<fanart></fanart>
  </item>
  
  <item>
	<title>[COLOR gold]VoD 63[/COLOR]</title>
	<link>>http://static.brazzers.com/scenes/3412/180sec.flv</link>
	<thumbnail>http://i.imgur.com/fPx3JtD.png</thumbnail>
	<fanart></fanart>
  </item>
  
  <item>
	<title>[COLOR gold]VoD 64[/COLOR]</title>
	<link>>http://static.brazzers.com/scenes/3413/180sec.flv</link>
	<thumbnail>http://i.imgur.com/fPx3JtD.png</thumbnail>
	<fanart></fanart>
  </item>
  
  <item>
	<title>[COLOR gold]VoD 65[/COLOR]</title>
	<link>>http://static.brazzers.com/scenes/3413/180sec.flv</link>
	<thumbnail>http://i.imgur.com/fPx3JtD.png</thumbnail>
	<fanart></fanart>
  </item>
  
  <item>
	<title>[COLOR gold]VoD 66[/COLOR]</title>
	<link>http://static.brazzers.com/scenes/3414/180sec.flv></link>
	<thumbnail>http://i.imgur.com/fPx3JtD.png</thumbnail>
	<fanart></fanart>
  </item>
  
  <item>
	<title>[COLOR gold]VoD 67[/COLOR]</title>
	<link>>http://static.brazzers.com/scenes/3415/180sec.flv</link>
	<thumbnail>http://i.imgur.com/fPx3JtD.png</thumbnail>
	<fanart></fanart>
  </item>
  
  <item>
	<title>[COLOR gold]VoD 68[/COLOR]</title>
	<link>>http://static.brazzers.com/scenes/3416/180sec.flv</link>
	<thumbnail>http://i.imgur.com/fPx3JtD.png</thumbnail>
	<fanart></fanart>
  </item>
  
  <item>
	<title>[COLOR gold]VoD 69[/COLOR]</title>
	<link>http://static.brazzers.com/scenes/3417/180sec.flv</link>
	<thumbnail>http://i.imgur.com/fPx3JtD.png</thumbnail>
	<fanart></fanart>
  </item>
  
  <item>
	<title>[COLOR gold]VoD 70[/COLOR]</title>
	<link>>http://static.brazzers.com/scenes/3418/180sec.flv</link>
	<thumbnail>http://i.imgur.com/fPx3JtD.png</thumbnail>
	<fanart></fanart>
  </item>
  
  <item>
	<title>[COLOR gold]VoD 71[/COLOR]</title>
	<link>>http://static.brazzers.com/scenes/3419/180sec.flv</link>
	<thumbnail>http://i.imgur.com/fPx3JtD.png</thumbnail>
	<fanart></fanart>
  </item>
  
  <item>
	<title>[COLOR gold]VoD 72[/COLOR]</title>
	<link>>http://static.brazzers.com/scenes/3420/180sec.flv</link>
	<thumbnail>http://i.imgur.com/fPx3JtD.png</thumbnail>
	<fanart></fanart>
  </item>
  
  <item>
	<title>[COLOR gold]VoD 73[/COLOR]</title>
	<link>>http://static.brazzers.com/scenes/3421/180sec.flv</link>
	<thumbnail>http://i.imgur.com/fPx3JtD.png</thumbnail>
	<fanart></fanart>
  </item>
  
  <item>
	<title>[COLOR gold]VoD 74[/COLOR]</title>
	<link>>http://static.brazzers.com/scenes/3422/180sec.flv</link>
	<thumbnail>http://i.imgur.com/fPx3JtD.png</thumbnail>
	<fanart></fanart>
  </item>
  
  <item>
	<title>[COLOR gold]VoD 75[/COLOR]</title>
	<link>>http://static.brazzers.com/scenes/3423/180sec.flv</link>
	<thumbnail>http://i.imgur.com/fPx3JtD.png</thumbnail>
	<fanart></fanart>
  </item>
  
  <dir>
	<title>[COLOR yellow]Next Page[/COLOR]</title>
	<link>file://brazz4.xml</link>
	<thumbnail>http://i.imgur.com/fPx3JtD.png</thumbnail>
	<fanart></fanart>
  </dir>
</xml>