<xml>
  <item>
	<title>[COLOR gold]VoD 1[/COLOR]</title>
	<link>http://static.brazzers.com/scenes/3351/180sec.flv</link>
	<thumbnail>http://i.imgur.com/fPx3JtD.png</thumbnail>
	<fanart></fanart>
  </item>
  
  <item>
	<title>[COLOR gold]VoD 2[/COLOR]</title>
	<link>http://static.brazzers.com/scenes/3352/180sec.flv</link>
	<thumbnail>http://i.imgur.com/fPx3JtD.png</thumbnail>
	<fanart></fanart>
  </item>
  
  <item>
	<title>[COLOR gold]VoD 3[/COLOR]</title>
	<link>http://static.brazzers.com/scenes/3353/180sec.flv</link>
	<thumbnail>http://i.imgur.com/fPx3JtD.png</thumbnail>
	<fanart></fanart>
  </item>
  
  <item>
	<title>[COLOR gold]VoD 4[/COLOR]</title>
	<link>http://static.brazzers.com/scenes/3354/180sec.flv</link>
	<thumbnail>http://i.imgur.com/fPx3JtD.png</thumbnail>
	<fanart></fanart>
  </item>
  
  <item>
	<title>[COLOR gold]VoD 5[/COLOR]</title>
	<link>http://static.brazzers.com/scenes/3355/180sec.flv</link>
	<thumbnail>http://i.imgur.com/fPx3JtD.png</thumbnail>
	<fanart></fanart>
  </item>
  
  <item>
	<title>[COLOR gold]VoD 6[/COLOR]</title>
	<link>http://static.brazzers.com/scenes/3356/180sec.flv</link>
	<thumbnail>http://i.imgur.com/fPx3JtD.png</thumbnail>
	<fanart></fanart>
  </item>
  
  <item>
	<title>[COLOR gold]VoD 7[/COLOR]</title>
	<link>http://static.brazzers.com/scenes/3357/180sec.flv</link>
	<thumbnail>http://i.imgur.com/fPx3JtD.png</thumbnail>
	<fanart></fanart>
  </item>
  
  <item>
	<title>[COLOR gold]VoD 8[/COLOR]</title>
	<link>http://static.brazzers.com/scenes/3358/180sec.flv</link>
	<thumbnail>http://i.imgur.com/fPx3JtD.png</thumbnail>
	<fanart></fanart>
  </item>
  
  <item>
	<title>[COLOR gold]VoD 9[/COLOR]</title>
	<link>http://static.brazzers.com/scenes/3359/180sec.flv</link>
	<thumbnail>http://i.imgur.com/fPx3JtD.png</thumbnail>
	<fanart></fanart>
  </item>
  
  <item>
	<title>[COLOR gold]VoD 10[/COLOR]</title>
	<link>http://static.brazzers.com/scenes/3360/180sec.flv</link>
	<thumbnail>http://i.imgur.com/fPx3JtD.png</thumbnail>
	<fanart></fanart>
  </item>
  
  <item>
	<title>[COLOR gold]VoD 11[/COLOR]</title>
	<link>http://static.brazzers.com/scenes/3361/180sec.flv</link>
	<thumbnail>http://i.imgur.com/fPx3JtD.png</thumbnail>
	<fanart></fanart>
  </item>
  
  <item>
	<title>[COLOR gold]VoD 12[/COLOR]</title>
	<link>http://static.brazzers.com/scenes/3362/180sec.flv</link>
	<thumbnail>http://i.imgur.com/fPx3JtD.png</thumbnail>
	<fanart></fanart>
  </item>
  
  <item>
	<title>[COLOR gold]VoD 13[/COLOR]</title>
	<link>http://static.brazzers.com/scenes/3489/180sec.flv</link>
	<thumbnail>http://i.imgur.com/fPx3JtD.png</thumbnail>
	<fanart></fanart>
  </item>
  
  <item>
	<title>[COLOR gold]VoD 14[/COLOR]</title>
	<link>http://static.brazzers.com/scenes/3488/180sec.flv</link>
	<thumbnail></thumbnail>
	<fanart></fanart>
  </item>
  
  <item>
	<title>[COLOR gold]VoD 15[/COLOR]</title>
	<link>http://static.brazzers.com/scenes/3365/180sec.flv</link>
	<thumbnail>http://i.imgur.com/fPx3JtD.png</thumbnail>
	<fanart></fanart>
  </item>
  
  <item>
	<title>[COLOR gold]VoD 16[/COLOR]</title>
	<link>http://static.brazzers.com/scenes/3366/180sec.flv</link>
	<thumbnail>http://i.imgur.com/fPx3JtD.png</thumbnail>
	<fanart></fanart>
  </item>
  
  <item>
	<title>[COLOR gold]VoD 17[/COLOR]</title>
	<link>http://static.brazzers.com/scenes/3367/180sec.flv</link>
	<thumbnail>http://i.imgur.com/fPx3JtD.png</thumbnail>
	<fanart></fanart>
  </item>
  
  <item>
	<title>[COLOR gold]VoD 18[/COLOR]</title>
	<link>http://static.brazzers.com/scenes/3368/180sec.flv</link>
	<thumbnail>http://i.imgur.com/fPx3JtD.png</thumbnail>
	<fanart></fanart>
  </item>
  
  <item>
	<title>[COLOR gold]VoD 19[/COLOR]</title>
	<link>http://static.brazzers.com/scenes/3369/180sec.flv</link>
	<thumbnail>http://i.imgur.com/fPx3JtD.png</thumbnail>
	<fanart></fanart>
  </item>
  
  <item>
	<title>[COLOR gold]VoD 20[/COLOR]</title>
	<link>http://static.brazzers.com/scenes/3487/180sec.flv</link>
	<thumbnail>http://i.imgur.com/fPx3JtD.png</thumbnail>
	<fanart></fanart>
  </item>
  
  <item>
	<title>[COLOR gold]VoD 21[/COLOR]</title>
	<link>http://static.brazzers.com/scenes/3371/180sec.flv</link>
	<thumbnail>http://i.imgur.com/fPx3JtD.png</thumbnail>
	<fanart></fanart>
  </item>
  
  <item>
	<title>[COLOR gold]VoD 22[/COLOR]</title>
	<link>http://static.brazzers.com/scenes/3372/180sec.flv</link>
	<thumbnail>http://i.imgur.com/fPx3JtD.png</thumbnail>
	<fanart></fanart>
  </item>
  
  <item>
	<title>[COLOR gold]VoD 23[/COLOR]</title>
	<link>http://static.brazzers.com/scenes/3373/180sec.flv</link>
	<thumbnail>http://i.imgur.com/fPx3JtD.png</thumbnail>
	<fanart></fanart>
  </item>
  
  <item>
	<title>[COLOR gold]VoD 24[/COLOR]</title>
	<link>http://static.brazzers.com/scenes/3374/180sec.flv</link>
	<thumbnail>http://i.imgur.com/fPx3JtD.png</thumbnail>
	<fanart></fanart>
  </item>
  
  <item>
	<title>[COLOR gold]VoD 25[/COLOR]</title>
	<link>http://static.brazzers.com/scenes/3375/180sec.flv</link>
	<thumbnail>http://i.imgur.com/fPx3JtD.png</thumbnail>
	<fanart></fanart>
  </item>
  
  <dir>
    <title>[COLOR yellow]Next Page[/COLOR]</title>
	<link>file://brazz2.xml</link>
	<thumbnail>http://i.imgur.com/fPx3JtD.png</thumbnail>
  </dir>
</xml>