<xml>
    <dir>
        <title>ALL</title>
        <eporner>category/all</eporner>
        <thumbnail></thumbnail>
    <fanart></fanart>
    </dir>
        
    <dir>
        <title>HD PORN - 1080p</title>
        <eporner>category/hd-1080p</eporner>
        <thumbnail></thumbnail>
    <fanart></fanart>
    </dir> 
    
    <dir>
        <title>60FPS PORN</title>
        <eporner>category/60fps</eporner>
        <thumbnail></thumbnail>
    <fanart></fanart>
    </dir>

    
    <dir>
        <title>4K PORN</title>
        <eporner>category/4k-porn</eporner>
        <thumbnail></thumbnail>
    <fanart></fanart>
    </dir>
    
    <dir>
        <title>HD SEX</title>
        <eporner>category/hd-sex</eporner>
        <thumbnail></thumbnail>
    <fanart></fanart>
    </dir>
    
    <dir>
        <title>TOP RATED</title>
        <eporner>top-rated</eporner>
        <thumbnail></thumbnail>
    <fanart></fanart>
    </dir>
    
    <dir>
        <title>AMATEUR</title>
        <eporner>category/amateur</eporner>
        <thumbnail></thumbnail>
    <fanart></fanart>
    </dir>
    
    <dir>
        <title>ON AIR</title>
        <eporner>currently</eporner>
        <thumbnail></thumbnail>
    <fanart></fanart>
    </dir>

    <dir>
        <title>Pornstars</title>
        <eporner>pornstars</eporner>
        <thumbnail></thumbnail>
    <fanart></fanart>
    </dir>

    <dir>
        <title>4K Ultra HD</title>
        <eporner>category/4k-porn</eporner>
        <thumbnail></thumbnail>
    <fanart></fanart>
    </dir>
    
    <dir>
        <title>60 FPS</title>
        <eporner>category/60fps</eporner>
        <thumbnail></thumbnail>
    <fanart></fanart>
    </dir>
    
    <dir>
        <title>Amateur</title>
        <eporner>category/amateur</eporner>
        <thumbnail></thumbnail>
    <fanart></fanart>
    </dir>
     
     <dir>
        <title>Anal</title>
        <eporner>category/anal</eporner>
        <thumbnail></thumbnail>
    <fanart></fanart>
    </dir>
    
    <dir>
        <title>Asian</title>
        <eporner>category/asian</eporner>
        <thumbnail></thumbnail>
    <fanart></fanart>
    </dir>
    
    <dir>
        <title>BBW</title>
        <eporner>category/bbw</eporner>
        <thumbnail></thumbnail>
    <fanart></fanart>
    </dir>
    
    <dir>
        <title>BDSM</title>
        <eporner>category/bdsm</eporner>
        <thumbnail></thumbnail>
    <fanart></fanart>
    </dir>
    
    <dir>
        <title>Big Ass</title>
        <eporner>category/big-ass</eporner>
        <thumbnail></thumbnail>
    <fanart></fanart>
    </dir>
    
    <dir>
        <title>Big Dick</title>
        <eporner>category/big-dick</eporner>
        <thumbnail></thumbnail>
    <fanart></fanart>
    </dir>
    
    <dir>
        <title>Big Tits</title>
        <eporner>category/big-tits</eporner>
        <thumbnail></thumbnail>
    <fanart></fanart>
    </dir>
    
    <dir>
        <title>Bisexual</title>
        <eporner>category/bisexual</eporner>
        <thumbnail></thumbnail>
    <fanart></fanart>
    </dir>
    
    <dir>
        <title>Blonde</title>
        <eporner>category/blonde</eporner>
        <thumbnail></thumbnail>
    <fanart></fanart>
    </dir>
    
    <dir>
        <title>Blowjob</title>
        <eporner>category/blowjob</eporner>
        <thumbnail></thumbnail>
    <fanart></fanart>
    </dir>
    
    <dir>
        <title>Bondage</title>
        <eporner>category/bondage</eporner>
        <thumbnail></thumbnail>
    <fanart></fanart>
    </dir>
    
    <dir>
        <title>Brunette</title>
        <eporner>category/brunette</eporner>
        <thumbnail></thumbnail>
    <fanart></fanart>
    </dir>
    
    <dir>
        <title>Bukkake</title>
        <eporner>category/bukkake</eporner>
        <thumbnail></thumbnail>
    <fanart></fanart>
    </dir>
    
    <dir>
        <title>Creampie</title>
        <eporner>category/creampie</eporner>
        <thumbnail></thumbnail>
    <fanart></fanart>
    </dir>
    
    <dir>
        <title>Cumshot</title>
        <eporner>category/cumshot</eporner>
        <thumbnail></thumbnail>
    <fanart></fanart>
    </dir>
    
    <dir>
        <title>Doctor</title>
        <eporner>category/doctor</eporner>
        <thumbnail></thumbnail>
    <fanart></fanart>
    </dir>
    
    <dir>
        <title>Double Penetration</title>
        <eporner>category/double-penetration</eporner>
        <thumbnail></thumbnail>
    <fanart></fanart>
    </dir>
    
    <dir>
        <title>Ebony</title>
        <eporner>category/ebony</eporner>
        <thumbnail></thumbnail>
    <fanart></fanart>
    </dir>
    
    <dir>
        <title>Fat</title>
        <eporner>category/fat</eporner>
        <thumbnail></thumbnail>
    <fanart></fanart>
    </dir>
    
    <dir>
        <title>Fetish</title>
        <eporner>category/fetish</eporner>
        <thumbnail></thumbnail>
    <fanart></fanart>
    </dir>
    
    <dir>
        <title>Fisting</title>
        <eporner>category/fisting</eporner>
        <thumbnail></thumbnail>
    <fanart></fanart>
    </dir>

    <dir>
        <title>Footjob</title>
        <eporner>category/footjob</eporner>
        <thumbnail></thumbnail>
    <fanart></fanart>
    </dir>
    
    <dir>
        <title>For Women</title>
        <eporner>category/for-women</eporner>
        <thumbnail></thumbnail>
    <fanart></fanart>
    </dir>
    
    <dir>
        <title>Gay</title>
        <eporner>category/gay</eporner>
        <thumbnail></thumbnail>
    <fanart></fanart>
    </dir>
    
    <dir>
        <title>Group Sex</title>
        <eporner>category/group-sex</eporner>
        <thumbnail></thumbnail>
    <fanart></fanart>
    </dir>
    
    <dir>
        <title>Handjob</title>
        <eporner>category/handjob</eporner>
        <thumbnail></thumbnail>
    <fanart></fanart>
    </dir>
    
     <dir>
        <title>Hardcore</title>
        <eporner>category/hardcore</eporner>
        <thumbnail></thumbnail>
    <fanart></fanart>
    </dir>
    
     <dir>
        <title>HD PORN - 1080p</title>
        <eporner>category/hd-1080p</eporner>
        <thumbnail></thumbnail>
    <fanart></fanart>
    </dir> 
    
    <dir>
        <title>HD SEX</title>
        <eporner>category/hd-sex</eporner>
        <thumbnail></thumbnail>
    <fanart></fanart>
    </dir>
    
    <dir>
        <title>Hentai</title>
        <eporner>category/hentai</eporner>
        <thumbnail></thumbnail>
    <fanart></fanart>
    </dir>
    
    <dir>
        <title>Homemade</title>
        <eporner>category/homemade</eporner>
        <thumbnail></thumbnail>
    <fanart></fanart>
    </dir>
    
    <dir>
        <title>Hotel</title>
        <eporner>category/hotel</eporner>
        <thumbnail></thumbnail>
    <fanart></fanart>
    </dir>
    
    <dir>
        <title>Housewives</title>
        <eporner>category/housewives</eporner>
        <thumbnail></thumbnail>
    <fanart></fanart>
    </dir>

    <dir>
        <title>HQ Porn</title>
        <eporner>category/hq-porn</eporner>
        <thumbnail></thumbnail>
    <fanart></fanart>
    </dir>
    
    <dir>
        <title>Indian</title>
        <eporner>category/indian</eporner>
        <thumbnail></thumbnail>
    <fanart></fanart>
    </dir>

    <dir>
        <title>Interracial</title>
        <eporner>category/interracial</eporner>
        <thumbnail></thumbnail>
    <fanart></fanart>
    </dir>
    
    <dir>
        <title>Japanese</title>
        <eporner>category/japanese</eporner>
        <thumbnail></thumbnail>
    <fanart></fanart>
    </dir>
    
    <dir>
        <title>Latina</title>
        <eporner>category/latina</eporner>
        <thumbnail></thumbnail>
    <fanart></fanart>
    </dir>
    
    <dir>
        <title>Lesbian</title>
        <eporner>category/lesbians</eporner>
        <thumbnail></thumbnail>
    <fanart></fanart>
    </dir>
    
    <dir>
        <title>Lingerie</title>
        <eporner>category/lingerie</eporner>
        <thumbnail></thumbnail>
    <fanart></fanart>
    </dir>
    
    <dir>
        <title>Low Quality</title>
        <eporner>category/lq</eporner>
        <thumbnail></thumbnail>
    <fanart></fanart>
    </dir>
    
    <dir>
        <title>Masturbation</title>
        <eporner>category/masturbation</eporner>
        <thumbnail></thumbnail>
    <fanart></fanart>
    </dir>
    
    <dir>
        <title>Massage</title>
        <eporner>category/massage</eporner>
        <thumbnail></thumbnail>
    <fanart></fanart>
    </dir>
    
    <dir>
        <title>Mature</title>
        <eporner>category/mature</eporner>
        <thumbnail></thumbnail>
    <fanart></fanart>
    </dir>

    <dir>
        <title>MILF</title>
        <eporner>category/milf</eporner>
        <thumbnail></thumbnail>
    <fanart></fanart>
    </dir>
    
    <dir>
        <title>Nurses</title>
        <eporner>category/nurse</eporner>
        <thumbnail></thumbnail>
    <fanart></fanart>
    </dir>
    
    <dir>
        <title>Office</title>
        <eporner>category/office</eporner>
        <thumbnail></thumbnail>
    <fanart></fanart>
    </dir>
    
    <dir>
        <title>Older Men</title>
        <eporner>category/old-man</eporner>
        <thumbnail></thumbnail>
    <fanart></fanart>
    </dir>
    
    <dir>
        <title>Orgy</title>
        <eporner>category/orgy</eporner>
        <thumbnail></thumbnail>
    <fanart></fanart>
    </dir>

    <dir>
        <title>Outdoor</title>
        <eporner>category/outdoor</eporner>
        <thumbnail></thumbnail>
    <fanart></fanart>
    </dir>
    
     <dir>
        <title>Petite</title>
        <eporner>category/petite</eporner>
        <thumbnail></thumbnail>
    <fanart></fanart>
    </dir>
    
    <dir>
        <title>Pornstar</title>
        <eporner>category/pornstar</eporner>
        <thumbnail></thumbnail>
    <fanart></fanart>
    </dir>
    
    <dir>
        <title>POV</title>
        <eporner>category/pov-porn</eporner>
        <thumbnail></thumbnail>
    <fanart></fanart>
    </dir>
	
	<dir>
        <title>Professional</title>
        <eporner>category/all/PROD-pro</eporner>
        <thumbnail></thumbnail>
    <fanart></fanart>
    </dir>

    <dir>
        <title>Public</title>
        <eporner>category/public</eporner>
        <thumbnail></thumbnail>
    <fanart></fanart>
    </dir>
    
    <dir>
        <title>Redhead</title>
        <eporner>category/redhead</eporner>
        <thumbnail></thumbnail>
    <fanart></fanart>
    </dir>
    
     <dir>
        <title>Shemale</title>
        <eporner>category/shemale</eporner>
        <thumbnail></thumbnail>
    <fanart></fanart>
    </dir>
    
    <dir>
        <title>Sleep</title>
        <eporner>category/sleep</eporner>
        <thumbnail></thumbnail>
    <fanart></fanart>
    </dir>
    
    <dir>
        <title>Small Tits</title>
        <eporner>category/small-tits</eporner>
        <thumbnail></thumbnail>
    <fanart></fanart>
    </dir>
    
    <dir>
        <title>Spy cams</title>
        <eporner>category/spy</eporner>
        <thumbnail></thumbnail>
    <fanart></fanart>
    </dir>
    
    <dir>
        <title>Squirt</title>
        <eporner>category/squirt</eporner>
        <thumbnail></thumbnail>
    <fanart></fanart>
    </dir>
    
    <dir>
        <title>Striptease</title>
        <eporner>category/striptease</eporner>
        <thumbnail></thumbnail>
    <fanart></fanart>
    </dir>

    <dir>
        <title>Students</title>
        <eporner>category/students</eporner>
        <thumbnail></thumbnail>
    <fanart></fanart>
    </dir>
    
    <dir>
        <title>Swinger</title>
        <eporner>category/swingers</eporner>
        <thumbnail></thumbnail>
    <fanart></fanart>
    </dir>

    <dir>
        <title>Teen</title>
        <eporner>category/teens</eporner>
        <thumbnail></thumbnail>
    <fanart></fanart>
    </dir>

    <dir>
        <title>Threesome</title>
        <eporner>category/threesome</eporner>
        <thumbnail></thumbnail>
    <fanart></fanart>
    </dir>

    <dir>
        <title>Toys</title>
        <eporner>category/toys</eporner>
        <thumbnail></thumbnail>
    <fanart></fanart>
    </dir>

    <dir>
        <title>Uniform</title>
        <eporner>category/uniform</eporner>
        <thumbnail></thumbnail>
    <fanart></fanart>
    </dir>

    <dir>
        <title>Vintage</title>
        <eporner>category/vintage</eporner>
        <thumbnail></thumbnail>
    <fanart></fanart>
    </dir>
    
    <dir>
        <title>Webcam</title>
        <eporner>category/webcam</eporner>
        <thumbnail></thumbnail>
    <fanart></fanart>
    </dir>
</xml>