<xml>
  <dir>
	<title>[COLOR gold]Chaturbate[/COLOR]</title>
	<link>plugin://plugin.video.chaturbate/</link>
	<thumbnail></thumbnail>
	<fanart></fanart>
  </dir>
  
  <item>
	<title>[COLOR gold]Babestation[/COLOR]</title>
	<link>http://de-origin-live.3qsdn.com:1935/2346/Ct6zG7Nrj3v2JxD/playlist.m3u8</link>
	<thumbnail>http://i.imgur.com/dUhd2a3.png</thumbnail>
	<fanart></fanart>
  </item>
  
  <item>
	<title>[COLOR gold]Miami TV[/COLOR]</title>
	<link>http://usaserver.miamitvchannel.com/miamitv/smil:miamitv/playlist.m3u8</link>
	<thumbnail>http://i.imgur.com/NbK86y5.png</thumbnail>
	<fanart></fanart>
  </item>
  
  <item>
	<title>[COLOR gold]Jasmin TV[/COLOR]</title>
	<link>http://109.71.162.112:1935/live/hd.jasminchannel.stream/playlist.m3u8</link>
	<thumbnail>http://i.imgur.com/6gckOd1.png</thumbnail>
	<fanart></fanart>
  </item>
  
  <item>
	<title>[COLOR gold]Studio 66[/COLOR]</title>
	<link>http://publish.thewebstream.co:1935/studio66tv/_definst_/studio66tv_channel12/playlist.m3u8</link>
	<thumbnail></thumbnail>
	<fanart></fanart>
  </item>
  
  <item>
	<title>[COLOR gold]Studio 66 2[/COLOR]</title>
	<link>http://publish.thewebstream.co:1935/studio66tv/_definst_/studio66tv_channel31/playlist.m3u8</link>
	<thumbnail></thumbnail>
	<fanart></fanart>
  </item>
  
  <item>
	<title>[COLOR gold]Studio 66 3[/COLOR]</title>
	<link>http://publish.thewebstream.co:1935/studio66tv/_definst_/studio66tv_channel41/playlist.m3u8</link>
	<thumbnail></thumbnail>
	<fanart></fanart>
  </item>
  
  <item>
	<title>[COLOR gold][/COLOR]</title>
	<link></link>
	<thumbnail></thumbnail>
	<fanart></fanart>
  </item>
</xml>






