<xml>
  <item>
	<title>[COLOR gold]VoD 1[/COLOR]</title>
	<link>http://content2.sexforsure.com/2013/07/02/12/Video.mp4</link>
	<thumbnail>http://i.imgur.com/wauTPQN.png</thumbnail>
	<fanart></fanart>
  </item>
  
  <item>
	<title>[COLOR gold]VoD 2[/COLOR]</title>
	<link>http://content2.sexforsure.com/2013/07/03/3/Video.mp4</link>
	<thumbnail>http://i.imgur.com/wauTPQN.png</thumbnail>
	<fanart></fanart>
  </item>
  
  <item>
	<title>[COLOR gold]VoD 3[/COLOR]</title>
	<link>http://content2.sexforsure.com/2013/07/02/18/Video.mp4</link>
	<thumbnail>http://i.imgur.com/wauTPQN.png</thumbnail>
	<fanart></fanart>
  </item>
  
  <item>
	<title>[COLOR gold]VoD 4[/COLOR]</title>
	<link>http://content2.sexforsure.com/2013/07/03/18/Video.mp4</link>
	<thumbnail>http://i.imgur.com/wauTPQN.png</thumbnail>
	<fanart></fanart>
  </item>
  
  <item>
	<title>[COLOR gold]VoD 5[/COLOR]</title>
	<link>http://content2.sexforsure.com/2013/07/02/3/Video.mp4</link>
	<thumbnail>http://i.imgur.com/wauTPQN.png</thumbnail>
	<fanart></fanart>
  </item>
  
  <item>
	<title>[COLOR gold]VoD 6[/COLOR]</title>
	<link>http://content2.sexforsure.com/2013/07/02/7/Video.mp4</link>
	<thumbnail>http://i.imgur.com/wauTPQN.png</thumbnail>
	<fanart></fanart>
  </item>
  
  <item>
	<title>[COLOR gold]VoD 7[/COLOR]</title>
	<link>http://content2.sexforsure.com/2013/07/03/2/Video.mp4</link>
	<thumbnail>http://i.imgur.com/wauTPQN.png</thumbnail>
	<fanart></fanart>
  </item>
  
  <item>
	<title>[COLOR gold]VoD 8[/COLOR]</title>
	<link>http://content2.sexforsure.com/2013/07/02/12/Video.mp4</link>
	<thumbnail>http://i.imgur.com/wauTPQN.png</thumbnail>
	<fanart></fanart>
  </item>
  
  <item>
	<title>[COLOR gold]VoD 9[/COLOR]</title>
	<link>http://content2.sexforsure.com/2013/07/03/1/Video.mp4</link>
	<thumbnail>http://i.imgur.com/wauTPQN.png</thumbnail>
	<fanart></fanart>
  </item>
  
  <item>
	<title>[COLOR gold]VoD 10[/COLOR]</title>
	<link>http://content2.sexforsure.com/2013/07/02/18/Video.mp4</link>
	<thumbnail>http://i.imgur.com/wauTPQN.png</thumbnail>
	<fanart></fanart>
  </item>
  
  <item>
	<title>[COLOR gold]VoD 11[/COLOR]</title>
	<link>http://content2.sexforsure.com/2013/07/03/4/Video.mp4</link>
	<thumbnail>http://i.imgur.com/wauTPQN.png</thumbnail>
	<fanart></fanart>
  </item>
  
  <item>
	<title>[COLOR gold]VoD 12[/COLOR]</title>
	<link>http://content2.sexforsure.com/2013/07/02/8/Video.mp4</link>
	<thumbnail>http://i.imgur.com/wauTPQN.png</thumbnail>
	<fanart></fanart>
  </item>
  
  <item>
	<title>[COLOR gold]VoD 13[/COLOR]</title>
	<link>http://content2.sexforsure.com/2013/07/02/16/Video.mp4</link>
	<thumbnail>http://i.imgur.com/wauTPQN.png</thumbnail>
	<fanart></fanart>
  </item>
  
  <item>
	<title>[COLOR gold]VoD 14[/COLOR]</title>
	<link>http://content2.sexforsure.com/2013/07/03/7/Video.mp4</link>
	<thumbnail>http://i.imgur.com/wauTPQN.png</thumbnail>
	<fanart></fanart>
  </item>
  
  <item>
	<title>[COLOR gold]VoD 15[/COLOR]</title>
	<link>http://content2.sexforsure.com/2013/07/03/11/Video.mp4</link>
	<thumbnail>http://i.imgur.com/wauTPQN.png</thumbnail>
	<fanart></fanart>
  </item>
  
  <item>
	<title>[COLOR gold]VoD 16[/COLOR]</title>
	<link>http://content2.sexforsure.com/2013/07/03/20/Video.mp4</link>
	<thumbnail>http://i.imgur.com/wauTPQN.png</thumbnail>
	<fanart></fanart>
  </item>
  
  <item>
	<title>[COLOR gold]VoD 17[/COLOR]</title>
	<link>http://content2.sexforsure.com/2013/07/03/19/Video.mp4</link>
	<thumbnail>http://i.imgur.com/wauTPQN.png</thumbnail>
	<fanart></fanart>
  </item>
  
  <item>
	<title>[COLOR gold]VoD 18[/COLOR]</title>
	<link>http://content2.sexforsure.com/2013/07/02/14/Video.mp4</link>
	<thumbnail>http://i.imgur.com/wauTPQN.png</thumbnail>
	<fanart></fanart>
  </item>
</xml>