<xml>
  <item>
	<title>[COLOR gold]VoD 126[/COLOR]</title>
	<link>http://static.brazzers.com/scenes/3298/180sec.flv</link>
	<thumbnail></thumbnail>
	<fanart></fanart>
  </item>
  
  <item>
	<title>[COLOR gold]VoD 127[/COLOR]</title>
	<link>http://static.brazzers.com/scenes/3477/180sec.flv</link>
	<thumbnail>http://i.imgur.com/fPx3JtD.png</thumbnail>
	<fanart></fanart>
  </item>
  
  <item>
	<title>[COLOR gold]VoD 128[/COLOR]</title>
	<link>http://static.brazzers.com/scenes/3300/180sec.flv</link>
	<thumbnail>http://i.imgur.com/fPx3JtD.png</thumbnail>
	<fanart></fanart>
  </item>
  
  <item>
	<title>[COLOR gold]VoD 129[/COLOR]</title>
	<link>http://static.brazzers.com/scenes/3301/180sec.flv</link>
	<thumbnail>http://i.imgur.com/fPx3JtD.png</thumbnail>
	<fanart></fanart>
  </item>
  
  <item>
	<title>[COLOR gold]VoD 130[/COLOR]</title>
	<link>http://static.brazzers.com/scenes/3302/180sec.flv</link>
	<thumbnail>http://i.imgur.com/fPx3JtD.png</thumbnail>
	<fanart></fanart>
  </item>
  
  <item>
	<title>[COLOR gold]VoD 131[/COLOR]</title>
	<link>http://static.brazzers.com/scenes/3303/180sec.flv</link>
	<thumbnail>http://i.imgur.com/fPx3JtD.png</thumbnail>
	<fanart></fanart>
  </item>
  
  <item>
	<title>[COLOR gold]VoD 132[/COLOR]</title>
	<link>http://static.brazzers.com/scenes/3304/180sec.flv</link>
	<thumbnail>http://i.imgur.com/fPx3JtD.png</thumbnail>
	<fanart></fanart>
  </item>
  
  <item>
	<title>[COLOR gold]VoD 133[/COLOR]</title>
	<link>http://static.brazzers.com/scenes/3305/180sec.flv</link>
	<thumbnail>http://i.imgur.com/fPx3JtD.png</thumbnail>
	<fanart></fanart>
  </item>
  
  <item>
	<title>[COLOR gold]VoD 134[/COLOR]</title>
	<link>http://static.brazzers.com/scenes/3306/180sec.flv</link>
	<thumbnail>http://i.imgur.com/fPx3JtD.png</thumbnail>
	<fanart></fanart>
  </item>
  
  <item>
	<title>[COLOR gold]VoD 135[/COLOR]</title>
	<link>http://static.brazzers.com/scenes/3307/180sec.flv</link>
	<thumbnail>http://i.imgur.com/fPx3JtD.png</thumbnail>
	<fanart></fanart>
  </item>
  
  <item>
	<title>[COLOR gold]VoD 136[/COLOR]</title>
	<link>http://static.brazzers.com/scenes/3308/180sec.flv</link>
	<thumbnail>http://i.imgur.com/fPx3JtD.png</thumbnail>
	<fanart></fanart>
  </item>
  
  <item>
	<title>[COLOR gold]VoD 137[/COLOR]</title>
	<link>http://static.brazzers.com/scenes/3309/180sec.flv</link>
	<thumbnail>http://i.imgur.com/fPx3JtD.png</thumbnail>
	<fanart></fanart>
  </item>
  
  <item>
	<title>[COLOR gold]VoD 138[/COLOR]</title>
	<link>http://static.brazzers.com/scenes/3310/180sec.flv</link>
	<thumbnail>http://i.imgur.com/fPx3JtD.png</thumbnail>
	<fanart></fanart>
  </item>
  
  <item>
	<title>[COLOR gold]VoD 139[/COLOR]</title>
	<link>http://static.brazzers.com/scenes/3311/180sec.flv</link>
	<thumbnail>http://i.imgur.com/fPx3JtD.png</thumbnail>
	<fanart></fanart>
  </item>
  
  <item>
	<title>[COLOR gold]VoD 140[/COLOR]</title>
	<link>http://static.brazzers.com/scenes/3312/180sec.flv</link>
	<thumbnail>http://i.imgur.com/fPx3JtD.png</thumbnail>
	<fanart></fanart>
  </item>
  
  <item>
	<title>[COLOR gold]VoD 141[/COLOR]</title>
	<link>http://static.brazzers.com/scenes/3313/180sec.flv</link>
	<thumbnail>http://i.imgur.com/fPx3JtD.png</thumbnail>
	<fanart></fanart>
  </item>
  
  <item>
	<title>[COLOR gold]VoD 142[/COLOR]</title>
	<link>http://static.brazzers.com/scenes/3314/180sec.flv</link>
	<thumbnail>http://i.imgur.com/fPx3JtD.png</thumbnail>
	<fanart></fanart>
  </item>
  
  <item>
	<title>[COLOR gold]VoD 143[/COLOR]</title>
	<link>http://static.brazzers.com/scenes/3315/180sec.flv</link>
	<thumbnail>http://i.imgur.com/fPx3JtD.png</thumbnail>
	<fanart></fanart>
  </item>
  
  <item>
	<title>[COLOR gold]VoD 144[/COLOR]</title>
	<link>http://static.brazzers.com/scenes/3316/180sec.flv</link>
	<thumbnail>http://i.imgur.com/fPx3JtD.png</thumbnail>
	<fanart></fanart>
  </item>
  
  <item>
	<title>[COLOR gold]VoD 145[/COLOR]</title>
	<link>http://static.brazzers.com/scenes/3317/180sec.flv</link>
	<thumbnail>http://i.imgur.com/fPx3JtD.png</thumbnail>
	<fanart></fanart>
  </item>
  
  <item>
	<title>[COLOR gold]VoD 146[/COLOR]</title>
	<link>http://static.brazzers.com/scenes/3318/180sec.flv</link>
	<thumbnail>http://i.imgur.com/fPx3JtD.png</thumbnail>
	<fanart></fanart>
  </item>
  
  <item>
	<title>[COLOR gold]VoD 147[/COLOR]</title>
	<link>http://static.brazzers.com/scenes/3475/180sec.flv</link>
	<thumbnail>http://i.imgur.com/fPx3JtD.png</thumbnail>
	<fanart></fanart>
  </item>
  
  <item>
	<title>[COLOR gold]VoD 148[/COLOR]</title>
	<link>http://static.brazzers.com/scenes/3474/180sec.flv</link>
	<thumbnail>http://i.imgur.com/fPx3JtD.png</thumbnail>
	<fanart></fanart>
  </item>
  
  <item>
	<title>[COLOR gold]VoD 149[/COLOR]</title>
	<link>http://static.brazzers.com/scenes/3321/180sec.flv</link>
	<thumbnail>http://i.imgur.com/fPx3JtD.png</thumbnail>
	<fanart></fanart>
  </item>
  
  <item>
	<title>[COLOR gold]VoD 150[/COLOR]</title>
	<link>http://static.brazzers.com/scenes/3471/180sec.flv</link>
	<thumbnail>http://i.imgur.com/fPx3JtD.png</thumbnail>
	<fanart></fanart>
  </item>
  
  <dir>
	<title>[COLOR yellow]Next Page[/COLOR]</title>
	<link>file://brazz7.xml</link>
	<thumbnail>http://i.imgur.com/fPx3JtD.png</thumbnail>
	<fanart></fanart>
  </dir>
</xml>