<xml>
  <item>
	<title>[COLOR gold]Chloe Amour[/COLOR]</title>
	<link>http://videos.galleries.pornpros.com/galleries.tiny4k.com/htdocs/fb01/fb01_chloeamour022714/content/vid01.mp4</link>
	<thumbnail>http://i.imgur.com/h9aRgeG.png</thumbnail>
	<fanart></fanart>
  </item>
  
  <item>
	<title>[COLOR gold]Sabrina Banks[/COLOR]</title>
	<link>http://videos.galleries.pornpros.com/galleries.tiny4k.com/htdocs/fb01/fb01_sabrinabanks071414/content/vid01.mp4</link>
	<thumbnail>http://i.imgur.com/h9aRgeG.png</thumbnail>
	<fanart></fanart>
  </item>
  
  <item>
	<title>[COLOR gold]Tiffany Fox[/COLOR]</title>
	<link>http://videos.galleries.pornpros.com/galleries.tiny4k.com/htdocs/fb01/fb01_tiffanyfox030514/content/vid01.mp4</link>
	<thumbnail>http://i.imgur.com/h9aRgeG.png</thumbnail>
	<fanart></fanart>
  </item>
  
  <item>
	<title>[COLOR gold]Kacey Jordan[/COLOR]</title>
	<link>http://videos.galleries.pornpros.com/galleries.tiny4k.com/htdocs/fb01/fb01_kaceyjordan061914/content/vid01.mp4</link>
	<thumbnail>http://i.imgur.com/h9aRgeG.png</thumbnail>
	<fanart></fanart>
  </item>
  
    <item>
	<title>[COLOR gold]Kacey Jordan[/COLOR]</title>
	<link>http://videos.galleries.pornpros.com/galleries.tiny4k.com/htdocs/fb01/fb01_kaceyjordan031914/content/vid01.mp4</link>
	<thumbnail>http://i.imgur.com/h9aRgeG.png</thumbnail>
	<fanart></fanart>
  </item>
  
  <item>
	<title>[COLOR gold]Jenna Ross[/COLOR]</title>
	<link>http://videos.galleries.pornpros.com/galleries.tiny4k.com/htdocs/fb01/fb01_jennaross040414/content/vid01.mp4</link>
	<thumbnail>http://i.imgur.com/h9aRgeG.png</thumbnail>
	<fanart></fanart>
  </item>
    
  <item>
	<title>[COLOR gold]Chloe Foster[/COLOR]</title>
	<link>http://videos.galleries.pornpros.com/galleries.tiny4k.com/htdocs/fb01/fb01_chloefoster021214/content/vid01.mp4</link>
	<thumbnail>http://i.imgur.com/h9aRgeG.png</thumbnail>
	<fanart></fanart>
  </item>
  
  <item>
	<title>[COLOR gold]Dillion Harper[/COLOR]</title>
	<link>http://videos.galleries.pornpros.com/galleries.tiny4k.com/htdocs/fb01/fb01_dillionharper030614/content/vid01.mp4</link>
	<thumbnail>http://i.imgur.com/h9aRgeG.png</thumbnail>
	<fanart></fanart>
  </item>
  
  <item>
	<title>[COLOR gold]Emma Stoned[/COLOR]</title>
	<link>http://videos.galleries.pornpros.com/galleries.tiny4k.com/htdocs/fb01/fb01_emmastoned03414/content/vid01.mp4</link>
	<thumbnail>http://i.imgur.com/h9aRgeG.png</thumbnail>
	<fanart></fanart>
  </item>
  
  <item>
	<title>[COLOR gold]Ava Taylor & Emma Stoned[/COLOR]</title>
	<link>http://videos.galleries.pornpros.com/galleries.tiny4k.com/htdocs/fb01/fb01_avataylor_emmastoned032514/content/vid01.mp4</link>
	<thumbnail>http://i.imgur.com/h9aRgeG.png</thumbnail>
	<fanart></fanart>
  </item>
  
  <item>
	<title>[COLOR gold]Dakota Skye[/COLOR]</title>
	<link>http://videos.galleries.pornpros.com/galleries.tiny4k.com/htdocs/fb01/fb01_dakotaskye040314/content/vid01.mp4</link>
	<thumbnail>http://i.imgur.com/h9aRgeG.png</thumbnail>
	<fanart></fanart>
  </item>
</xml>






