<?xml version="1.0" encoding="UTF-8" standalone="yes"?>
<addon id="plugin.program.ktvXXX" name="Kritik TV XXX Wizard" version="2.0.0" provider-name="Kritik TV">
  <requires>
    <import addon="xbmc.python" version="2.1.0"/>
  </requires>
  <extension point="xbmc.python.pluginsource" library="default.py">
    <provides>executable</provides>
  </extension>
  <extension point="xbmc.service" library="startup.py" start="startup" />
  <extension point="xbmc.addon.metadata">
    <summary lang="en">Kritik TV XXX Wizard</summary>
    <description lang="en">Kritik TV XXX Wizard was made exclusively for our Adult Only Builds..[CR]We are here to make your life easier..!!</description>
    <platform>all</platform>
  </extension>
</addon>