<xml>
  <item>
	<title>[COLOR gold]VoD 101[/COLOR]</title>
	<link>>http://static.brazzers.com/scenes/3449/180sec.flv</link>
	<thumbnail></thumbnail>
	<fanart></fanart>
  </item>
  
  <item>
	<title>[COLOR gold]VoD 102[/COLOR]</title>
	<link>>http://static.brazzers.com/scenes/3450/180sec.flv</link>
	<thumbnail>http://i.imgur.com/fPx3JtD.png</thumbnail>
	<fanart></fanart>
  </item>
  
  <item>
	<title>[COLOR gold]VoD 103[/COLOR]</title>
	<link>>http://static.brazzers.com/scenes/3451/180sec.flv</link>
	<thumbnail>http://i.imgur.com/fPx3JtD.png</thumbnail>
	<fanart></fanart>
  </item>
  
  <item>
	<title>[COLOR gold]VoD 104[/COLOR]</title>
	<link>>http://static.brazzers.com/scenes/3481/180sec.flv</link>
	<thumbnail>http://i.imgur.com/fPx3JtD.png</thumbnail>
	<fanart></fanart>
  </item>
  
  <item>
	<title>[COLOR gold]VoD 105[/COLOR]</title>
	<link>>http://static.brazzers.com/scenes/3453/180sec.flv</link>
	<thumbnail>http://i.imgur.com/fPx3JtD.png</thumbnail>
	<fanart></fanart>
  </item>
  
  <item>
	<title>[COLOR gold]VoD 106[/COLOR]</title>
	<link>>http://static.brazzers.com/scenes/3454/180sec.flv</link>
	<thumbnail>http://i.imgur.com/fPx3JtD.png</thumbnail>
	<fanart></fanart>
  </item>
  
  <item>
	<title>[COLOR gold]VoD 107[/COLOR]</title>
	<link>>http://static.brazzers.com/scenes/3455/180sec.flv</link>
	<thumbnail>http://i.imgur.com/fPx3JtD.png</thumbnail>
	<fanart></fanart>
  </item>
  
  <item>
	<title>[COLOR gold]VoD 108[/COLOR]</title>
	<link>>http://static.brazzers.com/scenes/3480/180sec.flv</link>
	<thumbnail>http://i.imgur.com/fPx3JtD.png</thumbnail>
	<fanart></fanart>
  </item>
  
  <item>
	<title>[COLOR gold]VoD 109[/COLOR]</title>
	<link>>http://static.brazzers.com/scenes/3479/180sec.flv</link>
	<thumbnail>http://i.imgur.com/fPx3JtD.png</thumbnail>
	<fanart></fanart>
  </item>
  
  <item>
	<title>[COLOR gold]VoD 110[/COLOR]</title>
	<link>>http://static.brazzers.com/scenes/3458/180sec.flv</link>
	<thumbnail>http://i.imgur.com/fPx3JtD.png</thumbnail>
	<fanart></fanart>
  </item>
  
  <item>
	<title>[COLOR gold]VoD 111[/COLOR]</title>
	<link>>http://static.brazzers.com/scenes/3459/180sec.flv</link>
	<thumbnail>http://i.imgur.com/fPx3JtD.png</thumbnail>
	<fanart></fanart>
  </item>
  
  <item>
	<title>[COLOR gold]VoD 112[/COLOR]</title>
	<link>>http://static.brazzers.com/scenes/3460/180sec.flv</link>
	<thumbnail>http://i.imgur.com/fPx3JtD.png</thumbnail>
	<fanart></fanart>
  </item>
  
  <item>
	<title>[COLOR gold]VoD 113[/COLOR]</title>
	<link>>http://static.brazzers.com/scenes/3461/180sec.flv</link>
	<thumbnail>http://i.imgur.com/fPx3JtD.png</thumbnail>
	<fanart></fanart>
  </item>
  
  <item>
	<title>[COLOR gold]VoD 114[/COLOR]</title>
	<link>>http://static.brazzers.com/scenes/3462/180sec.flv</link>
	<thumbnail>http://i.imgur.com/fPx3JtD.png</thumbnail>
	<fanart></fanart>
  </item>
  
  <item>
	<title>[COLOR gold]VoD 115[/COLOR]</title>
	<link>>http://static.brazzers.com/scenes/3463/180sec.flv</link>
	<thumbnail>http://i.imgur.com/fPx3JtD.png</thumbnail>
	<fanart></fanart>
  </item>
  
  <item>
	<title>[COLOR gold]VoD 116[/COLOR]</title>
	<link>>http://static.brazzers.com/scenes/3478/180sec.flv</link>
	<thumbnail>http://i.imgur.com/fPx3JtD.png</thumbnail>
	<fanart></fanart>
  </item>
  
  <item>
	<title>[COLOR gold]VoD 117[/COLOR]</title>
	<link>>http://static.brazzers.com/scenes/3465/180sec.flv</link>
	<thumbnail>http://i.imgur.com/fPx3JtD.png</thumbnail>
	<fanart></fanart>
  </item>
  
  <item>
	<title>[COLOR gold]VoD 118[/COLOR]</title>
	<link>>http://static.brazzers.com/scenes/3350/180sec.flv</link>
	<thumbnail>http://i.imgur.com/fPx3JtD.png</thumbnail>
	<fanart></fanart>
  </item>
  
  <item>
	<title>[COLOR gold]VoD 119[/COLOR]</title>
	<link>>http://static.brazzers.com/scenes/3291/180sec.flv</link>
	<thumbnail>http://i.imgur.com/fPx3JtD.png</thumbnail>
	<fanart></fanart>
  </item>
  
  <item>
	<title>[COLOR gold]VoD 120[/COLOR]</title>
	<link>>http://static.brazzers.com/scenes/3292/180sec.flv</link>
	<thumbnail>http://i.imgur.com/fPx3JtD.png</thumbnail>
	<fanart></fanart>
  </item>
  
  <item>
	<title>[COLOR gold]VoD 121[/COLOR]</title>
	<link>http://static.brazzers.com/scenes/3293/180sec.flv</link>
	<thumbnail>http://i.imgur.com/fPx3JtD.png</thumbnail>
	<fanart></fanart>
  </item>
  
  <item>
	<title>[COLOR gold]VoD 122[/COLOR]</title>
	<link>http://static.brazzers.com/scenes/3294/180sec.flv</link>
	<thumbnail>http://i.imgur.com/fPx3JtD.png</thumbnail>
	<fanart></fanart>
  </item>
  
  <item>
	<title>[COLOR gold]VoD 123[/COLOR]</title>
	<link>http://static.brazzers.com/scenes/3295/180sec.flv</link>
	<thumbnail>http://i.imgur.com/fPx3JtD.png</thumbnail>
	<fanart></fanart>
  </item>
  
  <item>
	<title>[COLOR gold]VoD 124[/COLOR]</title>
	<link>http://static.brazzers.com/scenes/3296/180sec.flv</link>
	<thumbnail>http://i.imgur.com/fPx3JtD.png</thumbnail>
	<fanart></fanart>
  </item>
  
  <item>
	<title>[COLOR gold]VoD 125[/COLOR]</title>
	<link>http://static.brazzers.com/scenes/3297/180sec.flv</link>
	<thumbnail>http://i.imgur.com/fPx3JtD.png</thumbnail>
	<fanart></fanart>
  </item>
  
  <dir>
	<title>[COLOR yellow]Next Page[/COLOR]</title>
	<link>file://brazz6.xml</link>
	<thumbnail>http://i.imgur.com/fPx3JtD.png</thumbnail>
	<fanart></fanart>
  </dir>
</xml>