<xml>
  <item>
	<title>[COLOR gold]Rissa Maxxx[/COLOR]</title>
	<link>http://tube.paperstreetcash.com/8mins/exxxtrasmall/exxxtrasmall_rissa_maxxx_8minutes.mp4</link>
	<thumbnail>http://i.imgur.com/tyna2Vt.png</thumbnail>
	<fanart></fanart>
  </item>
  
  <item>
	<title>[COLOR gold]Adriana Lynn[/COLOR]</title>
	<link>http://tube.paperstreetcash.com/12mins/exxxtrasmall/exxxtrasmall_adriana_lynn_12minute.mp4</link>
	<thumbnail>http://i.imgur.com/tyna2Vt.png</thumbnail>
	<fanart></fanart>
  </item>
  
  <item>
	<title>[COLOR gold]Allison Banks[/COLOR]</title>
	<link>http://tube.paperstreetcash.com/12mins/exxxtrasmall/exxxtrasmall_allison_banks_12minute.mp4</link>
	<thumbnail>http://i.imgur.com/tyna2Vt.png</thumbnail>
	<fanart></fanart>
  </item>
  
  <item>
	<title>[COLOR gold]Amanda[/COLOR]</title>
	<link>http://tube.paperstreetcash.com/8mins/rubateen/rubateen_amanda_8minute.mp4</link>
	<thumbnail>http://i.imgur.com/tyna2Vt.png</thumbnail>
	<fanart></fanart>
  </item>
  
  <item>
	<title>[COLOR gold]Anabela[/COLOR]</title>
	<link>http://tube.paperstreetcash.com/12mins/rubateen/rubateen_anabela_12minute.mp4</link>
	<thumbnail>http://i.imgur.com/tyna2Vt.png</thumbnail>
	<fanart></fanart>
  </item>
  
  <item>
	<title>[COLOR gold]Ariadna[/COLOR]</title>
	<link>http://tube.paperstreetcash.com/12mins/rubateen/rubateen_ariadna_12minute.mp4</link>
	<thumbnail>http://i.imgur.com/tyna2Vt.png</thumbnail>
	<fanart></fanart>
  </item>
  
  <item>
	<title>[COLOR gold]Ariana & Gabriella[/COLOR]</title>
	<link>http://tube.paperstreetcash.com/8mins/exxxtrasmall/exxxtrasmall_ariana_and_gabriella_8minutes.mp4</link>
	<thumbnail>http://i.imgur.com/tyna2Vt.png</thumbnail>
	<fanart></fanart>
  </item>
  
  <item>
	<title>[COLOR gold]Chichi Medina[/COLOR]</title>
	<link>http://tube.paperstreetcash.com/8mins/exxxtrasmall/exxxtrasmall_chichi_medina_8minutes.mp4</link>
	<thumbnail>http://i.imgur.com/tyna2Vt.png</thumbnail>
	<fanart></fanart>
  </item>
  
  <item>
	<title>[COLOR gold]Chloe Foster[/COLOR]</title>
	<link>http://tube.paperstreetcash.com/8mins/exxxtrasmall/exxxtrasmall_chloe_foster_8minutes.mp4</link>
	<thumbnail>http://i.imgur.com/tyna2Vt.png</thumbnail>
	<fanart></fanart>
  </item>
  
  <item>
	<title>[COLOR gold]Dakota Skye[/COLOR]</title>
	<link>http://tube.paperstreetcash.com/12mins/exxxtrasmall/exxxtrasmall_dakota_skye_12minute.mp4</link>
	<thumbnail>http://i.imgur.com/tyna2Vt.png</thumbnail>
	<fanart></fanart>
  </item>
  
  <item>
	<title>[COLOR gold]Demida[/COLOR]</title>
	<link>http://tube.paperstreetcash.com/8mins/rubateen/rubateen_demida_8minutes.mp4</link>
	<thumbnail>http://i.imgur.com/tyna2Vt.png</thumbnail>
	<fanart></fanart>
  </item>
  
  <item>
	<title>[COLOR gold]Dusya[/COLOR]</title>
	<link>http://tube.paperstreetcash.com/12mins/rubateen/rubateen_dusya_12minute.mp4</link>
	<thumbnail>http://i.imgur.com/tyna2Vt.png</thumbnail>
	<fanart></fanart>
  </item>
  
  <item>
	<title>[COLOR gold]Gerta[/COLOR]</title>
	<link>http://tube.paperstreetcash.com/12mins/rubateen/rubateen_gerta_12minute.mp4</link>
	<thumbnail>http://i.imgur.com/tyna2Vt.png</thumbnail>
	<fanart></fanart>
  </item>
  
  <item>
	<title>[COLOR gold]Irina[/COLOR]</title>
	<link>ttp://tube.paperstreetcash.com/12mins/rubateen/rubateen_ilina_12minute.mp4</link>
	<thumbnail>http://i.imgur.com/tyna2Vt.png</thumbnail>
	<fanart></fanart>
  </item>
  
  <item>
	<title>[COLOR gold]Jane[/COLOR]</title>
	<link>http://tube.paperstreetcash.com/12mins/rubateen/rubateen_jane_12minute.mp4</link>
	<thumbnail>http://i.imgur.com/tyna2Vt.png</thumbnail>
	<fanart></fanart>
  </item>
  
  <item>
	<title>[COLOR gold]Lacie Channing[/COLOR]</title>
	<link>http://tube.paperstreetcash.com/8mins/exxxtrasmall/exxxtrasmall_lacie_channing_8minutes.mp4</link>
	<thumbnail>http://i.imgur.com/tyna2Vt.png</thumbnail>
	<fanart></fanart>
  </item>
  
  <item>
	<title>[COLOR gold]Mirabella[/COLOR]</title>
	<link>http://tube.paperstreetcash.com/12mins/rubateen/rubateen_mirabella_12minute.mp4</link>
	<thumbnail>http://i.imgur.com/tyna2Vt.png</thumbnail>
	<fanart></fanart>
  </item>
  
  <item>
	<title>[COLOR gold]Natalia Rossi[/COLOR]</title>
	<link>http://tube.cheerleaderfacials.com/trailers/609/cheerleaderfacial_Natalia_Rossi_0006.flv</link>
	<thumbnail>http://i.imgur.com/tyna2Vt.png</thumbnail>
	<fanart></fanart>
  </item>
  
  <item>
	<title>[COLOR gold]Neona[/COLOR]</title>
	<link>http://tube.paperstreetcash.com/12mins/rubateen/rubateen_neona_12minute.mp4</link>
	<thumbnail>http://i.imgur.com/tyna2Vt.png</thumbnail>
	<fanart></fanart>
  </item>
  
  <item>
	<title>[COLOR gold]Sara Luvv[/COLOR]</title>
	<link>http://tube.paperstreetcash.com/8mins/exxxtrasmall/exxxtrasmall_sara_luvv_8minutes.mp4</link>
	<thumbnail>http://i.imgur.com/tyna2Vt.png</thumbnail>
	<fanart></fanart>
  </item>
  
  <item>
	<title>[COLOR gold]Sasha[/COLOR]</title>
	<link>http://tube.paperstreetcash.com/12mins/rubateen/rubateen_sasha_12minute.mp4</link>
	<thumbnail>http://i.imgur.com/tyna2Vt.png</thumbnail>
	<fanart></fanart>
  </item>
  
  <item>
	<title>[COLOR gold][/COLOR]</title>
	<link></link>
	<thumbnail>http://i.imgur.com/tyna2Vt.png</thumbnail>
	<fanart></fanart>
  </item>
</xml>