<xml>
	<item>
		<title>[COLOR pink]Live sex show[/COLOR]</title>
		<link>https://cdn1.4ddicted.com/embed/mhhWAMAmTms6gEgAFPtgCA/1527598800/23774754.mp4</link>
		<thumbnail>https://rexxx.co/141137670/live-sex-show-22.jpg</thumbnail>
		<fanart/>
	</item>

	<item>
		<title>[COLOR pink]Teen woken up and fucked hard[/COLOR]</title>
		<link>https://static.exoclick.com/library/41682/0fa697c25f1a31b2c13a11f30ae39b394f422351.mp4</link>
		<thumbnail>https://rexxx.co/141259229/teen-woken-up-fucked-hard.jpg</thumbnail>
		<fanart/>
	</item>

	<item>
		<title>[COLOR pink]Cock Sucking Challenge[/COLOR]</title>
		<link>https://cdn1.4ddicted.com/embed/XTg_HGYgAYjFFKeV2egpiQ/1527598800/92888987.mp4</link>
		<thumbnail>https://rexxx.co/141221583/cock-sucking-challenge-5.jpg</thumbnail>
		<fanart/>
	</item>

	<item>
		<title>[COLOR pink]Sexy girl does anal[/COLOR]</title>
		<link>https://cdn1.4ddicted.com/embed/H9Em1A2f9Xu7ZUUriWuonA/1527598800/62174075.mp4</link>
		<thumbnail>https://rexxx.co/141137709/sexy-girl-does-anal.jpg</thumbnail>
		<fanart/>
	</item>

	<item>
		<title>[COLOR pink]Reality sex show[/COLOR]</title>
		<link>https://cdn1.4ddicted.com/embed/wNJRVvmwsn4YJdIt5N3iqQ/1527598800/67352187.mp4</link>
		<thumbnail>https://rexxx.co/141158577/reality-sex-show-4.jpg</thumbnail>
		<fanart/>
	</item>

	<item>
		<title>[COLOR pink]Buttsex Nymphos[/COLOR]</title>
		<link>https://cdn1.4ddicted.com/embed/gOM93EXaEHfoal789fBweQ/1528376400/68923894.mp4</link>
		<thumbnail>https://rexxx.co/141389336/buttsex-nymphos-45.jpg</thumbnail>
		<fanart/>
	</item>

	<item>
		<title>[COLOR pink]The hardcore interview[/COLOR]</title>
		<link>https://cdn1.4ddicted.com/embed/v5OEaELAj_rTmchFoNAnTQ/1528376400/11802738.mp4</link>
		<thumbnail>https://rexxx.co/141527468/hardcore-interview-2.jpg</thumbnail>
		<fanart/>
	</item>

	<item>
		<title>[COLOR pink]Dick For The Masses[/COLOR]</title>
		<link>https://cdn1.4ddicted.com/embed/GltA4sGnwks-tY0FclOgOw/1527771600/75931264.mp4</link>
		<thumbnail>https://rexxx.co/141371233/dick-for-masses-17.jpg</thumbnail>
		<fanart/>
	</item>

	<item>
		<title>[COLOR pink]Night club orgy[/COLOR]</title>
		<link>https://cdn1.4ddicted.com/embed/LeeoayicrmNhIYLYuKAXjQ/1527598800/93877651.mp4</link>
		<thumbnail>https://rexxx.co/141239858/night-club-orgy-25.jpg</thumbnail>
		<fanart/>
	</item>

	<item>
		<title>[COLOR pink]Pornstars blowing up a college party[/COLOR]</title>
		<link>https://cdn1.4ddicted.com/embed/zPjgSsO89v2WLm48QgLZpQ/1527598800/14056846.mp4</link>
		<thumbnail>https://rexxx.co/141239856/pornstars-blowing-up-college.jpg</thumbnail>
		<fanart/>
	</item>

	<item>
		<title>[COLOR pink]Aspiring Porn Actress Fucked Hard[/COLOR]</title>
		<link>https://cdn1.4ddicted.com/embed/PCQWWbbum-SX_40UtuMYeQ/1527598800/91587545.mp4</link>
		<thumbnail>https://rexxx.co/141221570/aspiring-porn-actress-fucked.jpg</thumbnail>
		<fanart/>
	</item>

	<item>
		<title>[COLOR pink]Hot latina girl have sex in a bus[/COLOR]</title>
		<link>https://cdn1.4ddicted.com/embed/uXyM9ATXIzbn7Q3z25iMGA/1527598800/42804561.mp4</link>
		<thumbnail>https://rexxx.co/141107578/hot-latina-girl-sex-in-bus.jpg</thumbnail>
		<fanart/>
	</item>

	<item>
		<title>[COLOR pink]Man massages his stressed out girlfriend[/COLOR]</title>
		<link>https://cdn1.4ddicted.com/embed/X42pEFgywVB1dz7xK7zOzA/1527598800/33146791.mp4</link>
		<thumbnail>https://rexxx.co/141259215/man-massages-stressed-out.jpg</thumbnail>
		<fanart/>
	</item>

	<item>
		<title>[COLOR pink]Hot morning sex[/COLOR]</title>
		<link>https://cdn1.4ddicted.com/embed/xw0O_lzURNsEj_nu_Vsevw/1527598800/58815559.mp4</link>
		<thumbnail>https://rexxx.co/141137699/hot-morning-sex-14.jpg</thumbnail>
		<fanart/>
	</item>

	<item>
		<title>[COLOR pink]The Best Graduation Party Ever[/COLOR]</title>
		<link>https://cdn1.4ddicted.com/embed/a3tCASNaeEmMPRK1ScLeAw/1528376400/63396727.mp4</link>
		<thumbnail>https://rexxx.co/141389338/best-graduation-party-ever-7.jpg</thumbnail>
		<fanart/>
	</item>

	<item>
		<title>[COLOR pink]Lets have a party![/COLOR]</title>
		<link>https://cdn1.4ddicted.com/embed/H9ITxrc_n5RgPXOS9QTJ_g/1527598800/91677894.mp4</link>
		<thumbnail>https://rexxx.co/141137663/lets-party-23.jpg</thumbnail>
		<fanart/>
	</item>

	<item>
		<title>[COLOR pink]Massage is what you need[/COLOR]</title>
		<link>https://cdn1.4ddicted.com/embed/ZrCJyc-W2pw7CuCzxevweQ/1527598800/65038427.mp4</link>
		<thumbnail>https://rexxx.co/141158565/massage-what-you-need.jpg</thumbnail>
		<fanart/>
	</item>

	<item>
		<title>[COLOR pink]The internal massage[/COLOR]</title>
		<link>https://cdn1.4ddicted.com/embed/rbmiig7s42A984ZKZ29MJA/1527771600/28371832.mp4</link>
		<thumbnail>https://rexxx.co/141347372/internal-massage.jpg</thumbnail>
		<fanart/>
	</item>

	<item>
		<title>[COLOR pink]Cream in the ass[/COLOR]</title>
		<link>https://cdn1.4ddicted.com/embed/mDs-P-9nlPe1gGAA1U4_gg/1528376400/30501808.mp4</link>
		<thumbnail>https://rexxx.co/141413692/cream-in-ass-19.jpg</thumbnail>
		<fanart/>
	</item>

	<item>
		<title>[COLOR pink]Sexy French babe takes 2 cocks in one hole[/COLOR]</title>
		<link>https://cdn1.4ddicted.com/embed/NPbL8Y8OC_mMuQoZ08TkdA/1527598800/10953270.mp4</link>
		<thumbnail>https://rexxx.co/141107514/sexy-french-babe-takes.jpg</thumbnail>
		<fanart/>
	</item>

	<item>
		<title>[COLOR pink]Two amateur girls satisfying a guy[/COLOR]</title>
		<link>https://cdn1.4ddicted.com/embed/_ZFwpPPQhKBzWoGHi_5mAQ/1527598800/41610541.mp4</link>
		<thumbnail>https://rexxx.co/141239857/two-amateur-girls-satisfying.jpg</thumbnail>
		<fanart/>
	</item>

	<item>
		<title>[COLOR pink]Ashley's Bachlorette Party[/COLOR]</title>
		<link>https://cdn1.4ddicted.com/embed/ruvfBOj3TULZdTaPA52yrw/1528376400/40126069.mp4</link>
		<thumbnail>https://rexxx.co/141458019/ashleys-bachlorette-party-17.jpg</thumbnail>
		<fanart/>
	</item>

	<item>
		<title>[COLOR pink]Cute redhead teen pick up and fucked[/COLOR]</title>
		<link>https://cdn1.4ddicted.com/embed/eDgeb2wzKyZ5h1BOZUUW6w/1527598800/11197406.mp4</link>
		<thumbnail>https://rexxx.co/141239846/cute-redhead-teen-pick-up.jpg</thumbnail>
		<fanart/>
	</item>

	<item>
		<title>[COLOR pink]Amateur sex party[/COLOR]</title>
		<link>https://cdn1.4ddicted.com/embed/Cve2pGFcX4nPqEC4NKStuw/1528376400/14376056.mp4</link>
		<thumbnail>https://rexxx.co/141413694/amateur-sex-party-21.jpg</thumbnail>
		<fanart/>
	</item>

	<item>
		<title>[COLOR pink]Young wife with her lover on a yacht[/COLOR]</title>
		<link>https://cdn1.4ddicted.com/embed/QwasyGB0acGlw2ASYcte1A/1527598800/14057794.mp4</link>
		<thumbnail>https://rexxx.co/141107554/young-wife-lover-yacht.jpg</thumbnail>
		<fanart/>
	</item>

	<item>
		<title>[COLOR pink]Shy teen[/COLOR]</title>
		<link>https://cdn1.4ddicted.com/embed/lTsxxGaY9z9DrVypotLlfw/1527598800/51270186.mp4</link>
		<thumbnail>https://rexxx.co/141182631/shy-teen-74.jpg</thumbnail>
		<fanart/>
	</item>

	<item>
		<title>[COLOR pink]Cute latina teen girl[/COLOR]</title>
		<link>https://cdn1.4ddicted.com/embed/VcEOta2e4BWUSNcgdICQ-g/1527598800/86087961.mp4</link>
		<thumbnail>https://rexxx.co/141239853/cute-latina-teen-girl-2.jpg</thumbnail>
		<fanart/>
	</item>

	<item>
		<title>[COLOR pink]Two Big Asses One Cup[/COLOR]</title>
		<link>https://cdn1.4ddicted.com/embed/mb0pv2esfBLfE3xIBUKsfw/1528376400/56625067.mp4</link>
		<thumbnail>https://rexxx.co/141527459/two-big-asses-cup-5.jpg</thumbnail>
		<fanart/>
	</item>

	<item>
		<title>[COLOR pink]Amateurs convinced to have sex for cash[/COLOR]</title>
		<link>https://cdn1.4ddicted.com/embed/DJbjQZ4FtthdxxnK6wQKUA/1528376400/63025143.mp4</link>
		<thumbnail>https://rexxx.co/141389331/amateurs-convinced-sex.jpg</thumbnail>
		<fanart/>
	</item>

	<item>
		<title>[COLOR pink]Short haired girl fucked in the ass[/COLOR]</title>
		<link>https://cdn1.4ddicted.com/embed/cb_LpDPCD_TXyAk-abKy4w/1527598800/42190845.mp4</link>
		<thumbnail>https://rexxx.co/141286028/short-haired-girl-fucked-10.jpg</thumbnail>
		<fanart/>
	</item>

	<item>
		<title>[COLOR pink]Blonde mature woman having anal sex for the first time[/COLOR]</title>
		<link>https://cdn1.4ddicted.com/embed/j6YPxnzHvoCDbLSqb4Fp9g/1527598800/96035250.mp4</link>
		<thumbnail>https://rexxx.co/141221575/blonde-mature-woman-anal-sex.jpg</thumbnail>
		<fanart/>
	</item>

	<item>
		<title>[COLOR pink]Hot massage for a teen blonde[/COLOR]</title>
		<link>https://cdn1.4ddicted.com/embed/KgK67gDLn1WPPU05sccmBw/1527598800/14285490.mp4</link>
		<thumbnail>https://rexxx.co/141221587/hot-massage-for-teen-blonde.jpg</thumbnail>
		<fanart/>
	</item>

	<item>
		<title>[COLOR pink]Skinny mom fucked in the ass[/COLOR]</title>
		<link>https://cdn1.4ddicted.com/embed/k19vcj2Imf6r6VOyj8x1TA/1527598800/22203764.mp4</link>
		<thumbnail>https://rexxx.co/141107548/skinny-mom-fucked-in-ass.jpg</thumbnail>
		<fanart/>
	</item>

	<item>
		<title>[COLOR pink]Fucktoys for the office party[/COLOR]</title>
		<link>https://cdn1.4ddicted.com/embed/fSinq3XfR5fUUWGAW3BPmg/1527598800/49298665.mp4</link>
		<thumbnail>https://rexxx.co/141137681/fucktoys-for-office-party.jpg</thumbnail>
		<fanart/>
	</item>

	<item>
		<title>[COLOR pink]Sexy brunette trying anal[/COLOR]</title>
		<link>https://cdn1.4ddicted.com/embed/oQRflCVOvaPRBeqbo9h5AA/1527598800/74537046.mp4</link>
		<thumbnail>https://rexxx.co/141202911/sexy-brunette-trying-anal.jpg</thumbnail>
		<fanart/>
	</item>

	<item>
		<title>[COLOR pink]The big and the bigger tits[/COLOR]</title>
		<link>https://cdn1.4ddicted.com/embed/MX6AYKMCTwTnQp65DVo5yQ/1527598800/11571778.mp4</link>
		<thumbnail>https://rexxx.co/141137698/big-bigger-tits-2.jpg</thumbnail>
		<fanart/>
	</item>

	<item>
		<title>[COLOR pink]Guy picked up a milf at a restaurant[/COLOR]</title>
		<link>https://cdn1.4ddicted.com/embed/bjDxFd_fKUH0n0Yjo_APeg/1527598800/31697580.mp4</link>
		<thumbnail>https://rexxx.co/141305279/guy-picked-up-milf-restaurant.jpg</thumbnail>
		<fanart/>
	</item>

	<item>
		<title>[COLOR pink]Anal casting[/COLOR]</title>
		<link>https://cdn1.4ddicted.com/embed/MtwZQmbqyK_pTHO4PlbhQA/1528376400/93426371.mp4</link>
		<thumbnail>https://rexxx.co/141431992/anal-casting-44.jpg</thumbnail>
		<fanart/>
	</item>

	<item>
		<title>[COLOR pink]Students sex party[/COLOR]</title>
		<link>https://cdn1.4ddicted.com/embed/T71pzhshSJ_juOLUlzGGyQ/1527598800/98549762.mp4</link>
		<thumbnail>https://rexxx.co/141137684/students-sex-party-6.jpg</thumbnail>
		<fanart/>
	</item>

	<item>
		<title>[COLOR pink]Sexy escort[/COLOR]</title>
		<link>https://cdn1.4ddicted.com/embed/0UHHukT3I-Lu4YbbaVjVwQ/1527598800/15463575.mp4</link>
		<thumbnail>https://rexxx.co/141182637/sexy-escort-5.jpg</thumbnail>
		<fanart/>
	</item>

	<item>
		<title>[COLOR pink]The Man The Maiden and the Maid[/COLOR]</title>
		<link>https://cdn1.4ddicted.com/embed/M8vXF4qkb7sxUGo4pHhJSA/1527598800/27685843.mp4</link>
		<thumbnail>https://rexxx.co/141202906/man-maiden-maid-6.jpg</thumbnail>
		<fanart/>
	</item>

	<item>
		<title>[COLOR pink]Vehicle sex[/COLOR]</title>
		<link>https://cdn1.4ddicted.com/embed/p2xiSAu9ivOJ4rW3WIcBxQ/1527598800/25752406.mp4</link>
		<thumbnail>https://rexxx.co/141107519/vehicle-sex.jpg</thumbnail>
		<fanart/>
	</item>

	<item>
		<title>[COLOR pink]Blonde Wants Her Butt Hole Fucked And Bred[/COLOR]</title>
		<link>https://cdn1.4ddicted.com/embed/1kpBaNWnQmrbBqXHeGRlQg/1528376400/55804741.mp4</link>
		<thumbnail>https://rexxx.co/141527458/blonde-wants-butt-hole-fucked.jpg</thumbnail>
		<fanart/>
	</item>

	<item>
		<title>[COLOR pink]Soccer blondes threesome with the referee[/COLOR]</title>
		<link>https://cdn1.4ddicted.com/embed/gysp5bIgRzpbRdJug3CZrA/1527598800/59759024.mp4</link>
		<thumbnail>https://rexxx.co/141107580/soccer-blondes-threesome.jpg</thumbnail>
		<fanart/>
	</item>

	<item>
		<title>[COLOR pink]Tiny latina have sex in a van[/COLOR]</title>
		<link>https://cdn1.4ddicted.com/embed/Q2yd1zVKmaNBSdGkq58IRA/1527685200/75349746.mp4</link>
		<thumbnail>https://rexxx.co/141137665/tiny-latina-sex-in-van.jpg</thumbnail>
		<fanart/>
	</item>

	<item>
		<title>[COLOR pink]School girls like to be treated as whores[/COLOR]</title>
		<link>https://cdn1.4ddicted.com/embed/mzqD1Elhddow36sUeP-uwg/1527685200/14932274.mp4</link>
		<thumbnail>https://rexxx.co/141137711/school-girls-like-be-treated.jpg</thumbnail>
		<fanart/>
	</item>

	<item>
		<title>[COLOR pink]Two big asses having fun[/COLOR]</title>
		<link>https://cdn1.4ddicted.com/embed/IHcd5Y44O8hUj8jOrv7uVg/1527685200/99163328.mp4</link>
		<thumbnail>https://rexxx.co/141158557/two-big-asses-fun.jpg</thumbnail>
		<fanart/>
	</item>

	<item>
		<title>[COLOR pink]Mom seduces stepdaughter and her boyfriend[/COLOR]</title>
		<link>https://cdn1.4ddicted.com/embed/_IgguPjeR5_k0a9UbYu-1w/1527685200/98854953.mp4</link>
		<thumbnail>https://rexxx.co/141331140/mom-seduces-stepdaughter.jpg</thumbnail>
		<fanart/>
	</item>

	<item>
		<title>[COLOR pink]Show Us That Ass For Some Cash![/COLOR]</title>
		<link>https://cdn1.4ddicted.com/embed/SOriwxCTap1Fm9V8RQZHHg/1527685200/20324528.mp4</link>
		<thumbnail>https://rexxx.co/141305282/show-us-ass-for-some-cash-6.jpg</thumbnail>
		<fanart/>
	</item>

	<item>
		<title>[COLOR pink]Bubble butt blonde admired by her man[/COLOR]</title>
		<link>https://cdn1.4ddicted.com/embed/PDDhi3K7dDDGpTkDD0zO-g/1527685200/29650289.mp4</link>
		<thumbnail>https://rexxx.co/141286031/bubble-butt-blonde-admired.jpg</thumbnail>
		<fanart/>
	</item>

	<item>
		<title>[COLOR pink]French village family[/COLOR]</title>
		<link>https://cdn1.4ddicted.com/embed/yPZLoYBImZQwY1g6cnFgjw/1528376400/28766311.mp4</link>
		<thumbnail>https://rexxx.co/141509523/french-village-family.jpg</thumbnail>
		<fanart/>
	</item>

	<item>
		<title>[COLOR pink]Double cock for a filthy whore[/COLOR]</title>
		<link>https://cdn1.4ddicted.com/embed/NpQ0Zi3QFXr1CO4hTeX24w/1528376400/10110071.mp4</link>
		<thumbnail>https://rexxx.co/141527461/double-cock-for-filthy-whore.jpg</thumbnail>
		<fanart/>
	</item>

	<item>
		<title>[COLOR pink]Booty poppin on[/COLOR]</title>
		<link>https://cdn1.4ddicted.com/embed/DyGY3ch4mpzdJ4cgcNzNiQ/1527685200/30954271.mp4</link>
		<thumbnail>https://rexxx.co/141182624/booty-poppin-15.jpg</thumbnail>
		<fanart/>
	</item>

	<item>
		<title>[COLOR pink]Young girl first time in porn[/COLOR]</title>
		<link>https://cdn1.4ddicted.com/embed/mYt3dgi4rVDnPK2oTpTcwg/1527685200/36958850.mp4</link>
		<thumbnail>https://rexxx.co/141107572/young-girl-first-time-in-porn.jpg</thumbnail>
		<fanart/>
	</item>

	<item>
		<title>[COLOR pink]That asses[/COLOR]</title>
		<link>https://cdn1.4ddicted.com/embed/bwU6ktyd8Ath3_cOUAmVyQ/1527771600/86930832.mp4</link>
		<thumbnail>https://rexxx.co/141107588/asses-40.jpg</thumbnail>
		<fanart/>
	</item>

	<item>
		<title>[COLOR pink]Hot French couple[/COLOR]</title>
		<link>https://cdn1.4ddicted.com/embed/gIrOkoBY9hHaQHBZT4-leQ/1527771600/65370663.mp4</link>
		<thumbnail>https://rexxx.co/141221578/hot-french-couple-4.jpg</thumbnail>
		<fanart/>
	</item>

	<item>
		<title>[COLOR pink]The school affair[/COLOR]</title>
		<link>https://cdn1.4ddicted.com/embed/1RV-lRI8qRmaiV43bBiXCA/1527771600/73517621.mp4</link>
		<thumbnail>https://rexxx.co/141158572/school-affair.jpg</thumbnail>
		<fanart/>
	</item>

	<item>
		<title>[COLOR pink]Massive ebony ass[/COLOR]</title>
		<link>https://cdn1.4ddicted.com/embed/IEogNxQFqqXbLEVCMGU2DQ/1528376400/97710825.mp4</link>
		<thumbnail>https://rexxx.co/141527462/massive-ebony-ass-3.jpg</thumbnail>
		<fanart/>
	</item>

	<item>
		<title>[COLOR pink]Girlfriend surprises her BF with anal sex[/COLOR]</title>
		<link>https://cdn1.4ddicted.com/embed/wSfdnReo0kkwAz8vS6Oe7A/1527771600/92296598.mp4</link>
		<thumbnail>https://rexxx.co/141371230/girlfriend-surprises-bf-anal.jpg</thumbnail>
		<fanart/>
	</item>

	<item>
		<title>[COLOR pink]Two amateur couples shooting their first porn[/COLOR]</title>
		<link>https://cdn1.4ddicted.com/embed/NTKJsFZbAZr2ukEt7mF63g/1527771600/78043687.mp4</link>
		<thumbnail>https://rexxx.co/141347378/two-amateur-couples-shooting.jpg</thumbnail>
		<fanart/>
	</item>

	<item>
		<title>[COLOR pink]Big booty foursome[/COLOR]</title>
		<link>https://cdn1.4ddicted.com/embed/wfr5S7qBXkqQU_SBrGAsRw/1528376400/37451977.mp4</link>
		<thumbnail>https://rexxx.co/141389339/big-booty-foursome-8.jpg</thumbnail>
		<fanart/>
	</item>

	<item>
		<title>[COLOR pink]Punk girl sucking gloryhole cocks[/COLOR]</title>
		<link>https://cdn1.4ddicted.com/embed/uJlvsgAT6fWocZGu9Z0fSA/1527771600/37013880.mp4</link>
		<thumbnail>https://rexxx.co/141137697/punk-girl-sucking-gloryhole.jpg</thumbnail>
		<fanart/>
	</item>

	<item>
		<title>[COLOR pink]Two lusty milfs seduce a younger guy[/COLOR]</title>
		<link>https://cdn1.4ddicted.com/embed/IzVZSN4aDoYYI9lBAW7DtA/1527771600/55585453.mp4</link>
		<thumbnail>https://rexxx.co/141286020/two-lusty-milfs-seduce.jpg</thumbnail>
		<fanart/>
	</item>

	<item>
		<title>[COLOR pink]Two big sexy asses[/COLOR]</title>
		<link>https://cdn1.4ddicted.com/embed/uMeVylDf21AFR-o-mFRzpw/1527771600/48426567.mp4</link>
		<thumbnail>https://rexxx.co/141259223/two-big-sexy-asses.jpg</thumbnail>
		<fanart/>
	</item>

	<item>
		<title>[COLOR pink]Punk teen with pink hair[/COLOR]</title>
		<link>https://cdn1.4ddicted.com/embed/gmWWMrVuuqiZUpUh5UbTvA/1527771600/94385374.mp4</link>
		<thumbnail>https://rexxx.co/141137690/punk-teen-pink-hair.jpg</thumbnail>
		<fanart/>
	</item>

	<item>
		<title>[COLOR pink]Big booty Jessica gives you a little preview...[/COLOR]</title>
		<link>https://cdn1.4ddicted.com/embed/pzzu1lE2TKvNfF9pDTgfsQ/1527771600/20288926.mp4</link>
		<thumbnail>https://rexxx.co/141239850/big-booty-jessica-gives-you.jpg</thumbnail>
		<fanart/>
	</item>

	<item>
		<title>[COLOR pink]Hot euro blonde[/COLOR]</title>
		<link>https://cdn1.4ddicted.com/embed/uO4kJi_IHxpQdL-5NL3Wvg/1527771600/35780321.mp4</link>
		<thumbnail>https://rexxx.co/141331152/hot-euro-blonde-6.jpg</thumbnail>
		<fanart/>
	</item>

	<item>
		<title>[COLOR pink]Mother and daughter casting[/COLOR]</title>
		<link>https://cdn1.4ddicted.com/embed/SsnLlUiEoA5_rpA0J7WtTw/1527771600/29831298.mp4</link>
		<thumbnail>https://rexxx.co/141137664/mother-daughter-casting.jpg</thumbnail>
		<fanart/>
	</item>

	<item>
		<title>[COLOR pink]BBC in tiny ass[/COLOR]</title>
		<link>https://cdn1.4ddicted.com/embed/4v4MDhQeWT78WKkO841MUA/1527771600/99197554.mp4</link>
		<thumbnail>https://rexxx.co/141107584/bbc-in-tiny-ass.jpg</thumbnail>
		<fanart/>
	</item>

	<item>
		<title>[COLOR pink]Let's make a good Christmas party[/COLOR]</title>
		<link>https://cdn1.4ddicted.com/embed/2Imd09EYjV3VRl2FqJnnCg/1527771600/29813921.mp4</link>
		<thumbnail>https://rexxx.co/141371244/lets-make-good-christmas.jpg</thumbnail>
		<fanart/>
	</item>

	<item>
		<title>[COLOR pink]Sexy detective fucked by the maniac[/COLOR]</title>
		<link>https://cdn1.4ddicted.com/embed/0RPzspJUEqnM875onMT56A/1527771600/66320485.mp4</link>
		<thumbnail>https://rexxx.co/141305270/sexy-detective-fucked-maniac.jpg</thumbnail>
		<fanart/>
	</item>

	<item>
		<title>[COLOR pink]Busty punk girl gangbanged by BBCs[/COLOR]</title>
		<link>https://cdn1.4ddicted.com/embed/UV5308MFf3MFjfQz5s397A/1527771600/30427245.mp4</link>
		<thumbnail>https://rexxx.co/141221584/busty-punk-girl-gangbanged.jpg</thumbnail>
		<fanart/>
	</item>

	<item>
		<title>[COLOR pink]Bubble butt babe gets oiled and fucked[/COLOR]</title>
		<link>https://cdn1.4ddicted.com/embed/TWPA6H2MmceAdpc6ck5PWQ/1527771600/63347336.mp4</link>
		<thumbnail>https://rexxx.co/141239838/bubble-butt-babe-oiled-fucked.jpg</thumbnail>
		<fanart/>
	</item>

	<item>
		<title>[COLOR pink]Incredible boobs[/COLOR]</title>
		<link>https://cdn1.4ddicted.com/embed/w9-xb63LF7vcpNjIzEKgzw/1528376400/56400872.mp4</link>
		<thumbnail>https://rexxx.co/141527466/incredible-boobs-2.jpg</thumbnail>
		<fanart/>
	</item>

	<item>
		<title>[COLOR pink]Cute redhead[/COLOR]</title>
		<link>https://cdn1.4ddicted.com/embed/HKgBrlx9HSmOfzINR5XuhQ/1528376400/20633184.mp4</link>
		<thumbnail>https://rexxx.co/141389333/cute-redhead-48.jpg</thumbnail>
		<fanart/>
	</item>

	<item>
		<title>[COLOR pink]First time gang bang[/COLOR]</title>
		<link>https://cdn1.4ddicted.com/embed/jQNzn_xZ4cGOntaP8IH-ZQ/1527771600/96534194.mp4</link>
		<thumbnail>https://rexxx.co/141221590/first-time-gang-bang.jpg</thumbnail>
		<fanart/>
	</item>

	<item>
		<title>[COLOR pink]4 girls and 2 men orgy[/COLOR]</title>
		<link>https://cdn1.4ddicted.com/embed/PQAb8ZZEoXnEynSv1LdmOw/1528376400/58472333.mp4</link>
		<thumbnail>https://rexxx.co/141413695/4-girls-2-men-orgy.jpg</thumbnail>
		<fanart/>
	</item>

	<item>
		<title>[COLOR pink]Sweet Butt[/COLOR]</title>
		<link>https://cdn1.4ddicted.com/embed/d9IZ2fE_2nZFHK8J7F3R4w/1527771600/50450053.mp4</link>
		<thumbnail>https://rexxx.co/141182645/sweet-butt-2.jpg</thumbnail>
		<fanart/>
	</item>

	<item>
		<title>[COLOR pink]Busty MILF poolside sex[/COLOR]</title>
		<link>https://cdn1.4ddicted.com/embed/SsLh3tLRg37fOYliwZmnUA/1527771600/16525737.mp4</link>
		<thumbnail>https://rexxx.co/141107529/busty-milf-poolside-sex.jpg</thumbnail>
		<fanart/>
	</item>

	<item>
		<title>[COLOR pink]Sexy skaters and their guys[/COLOR]</title>
		<link>https://cdn1.4ddicted.com/embed/-9LK1WPCiDhFUmz1Un5NSA/1528376400/32750786.mp4</link>
		<thumbnail>https://rexxx.co/141389349/sexy-skaters-their-guys.jpg</thumbnail>
		<fanart/>
	</item>

	<item>
		<title>[COLOR pink]Sexy latina with juicy ass and big tits[/COLOR]</title>
		<link>https://cdn1.4ddicted.com/embed/jLOPH48yKGrv86o0MLnV7Q/1527771600/72150362.mp4</link>
		<thumbnail>https://rexxx.co/141259213/sexy-latina-juicy-ass-big.jpg</thumbnail>
		<fanart/>
	</item>

	<item>
		<title>[COLOR pink]Lusty wife[/COLOR]</title>
		<link>https://cdn1.4ddicted.com/embed/UWME1ShFpIfGDJoNR5VshQ/1527771600/36511211.mp4</link>
		<thumbnail>https://rexxx.co/141182627/lusty-wife-2.jpg</thumbnail>
		<fanart/>
	</item>

	<item>
		<title>[COLOR pink]Pornstars pick up strangers for an orgy[/COLOR]</title>
		<link>https://cdn1.4ddicted.com/embed/QRRkqzR7pYBjYBq4xZGxGg/1527771600/34416543.mp4</link>
		<thumbnail>https://rexxx.co/141107569/pornstars-pick-up-strangers.jpg</thumbnail>
		<fanart/>
	</item>

	<item>
		<title>[COLOR pink]Dream girls[/COLOR]</title>
		<link>https://cdn1.4ddicted.com/embed/2mEh-BTancRqHq5lAhFJEA/1527771600/27917556.mp4</link>
		<thumbnail>https://rexxx.co/141158563/dream-girls-17.jpg</thumbnail>
		<fanart/>
	</item>

	<item>
		<title>[COLOR pink]Nerdy model[/COLOR]</title>
		<link>https://cdn1.4ddicted.com/embed/vVQVxNMhfibzCj-gFxXyHA/1527771600/93953662.mp4</link>
		<thumbnail>https://rexxx.co/141158566/nerdy-model.jpg</thumbnail>
		<fanart/>
	</item>

	<item>
		<title>[COLOR pink]Lets close this deal[/COLOR]</title>
		<link>https://cdn1.4ddicted.com/embed/crzfKSa7YV62ow3rc9YL0w/1528376400/76322225.mp4</link>
		<thumbnail>https://rexxx.co/141509518/lets-close-deal-2.jpg</thumbnail>
		<fanart/>
	</item>

	<item>
		<title>[COLOR pink]Natural boobs[/COLOR]</title>
		<link>https://cdn1.4ddicted.com/embed/PCcoQRNpXN3ZGJLsTMku8Q/1527771600/28915087.mp4</link>
		<thumbnail>https://rexxx.co/141107523/natural-boobs-41.jpg</thumbnail>
		<fanart/>
	</item>

	<item>
		<title>[COLOR pink]Two sexy girls get into some dirty action[/COLOR]</title>
		<link>https://cdn1.4ddicted.com/embed/of-EFwXXyclB33diw5F0fg/1527771600/51294443.mp4</link>
		<thumbnail>https://rexxx.co/141305283/two-sexy-girls-some-dirty.jpg</thumbnail>
		<fanart/>
	</item>

	<item>
		<title>[COLOR pink]The trip you'll never forget[/COLOR]</title>
		<link>https://cdn1.4ddicted.com/embed/HErWSyrpkWmWAHvjmrLgXw/1527771600/61723823.mp4</link>
		<thumbnail>https://rexxx.co/141305272/trip-youll-never-forget.jpg</thumbnail>
		<fanart/>
	</item>

	<item>
		<title>[COLOR pink]Ivy League Ass To Mouth[/COLOR]</title>
		<link>https://cdn1.4ddicted.com/embed/hMAz5NEKRJcSPIzDL1kFJg/1527771600/33569723.mp4</link>
		<thumbnail>https://rexxx.co/141182626/ivy-league-ass-mouth.jpg</thumbnail>
		<fanart/>
	</item>

	<item>
		<title>[COLOR pink]Stupid cunt gets her punishment[/COLOR]</title>
		<link>https://cdn1.4ddicted.com/embed/_RMolJt68_sX3TwyBVn1gw/1527771600/93949495.mp4</link>
		<thumbnail>https://rexxx.co/141137674/stupid-cunt-punishment.jpg</thumbnail>
		<fanart/>
	</item>

	<item>
		<title>[COLOR pink]Mom checks her daughter's boyfriend cock[/COLOR]</title>
		<link>https://cdn1.4ddicted.com/embed/pLqOjke3rIFgCELiSksG5A/1528376400/30480246.mp4</link>
		<thumbnail>https://rexxx.co/141413704/mom-checks-daughters.jpg</thumbnail>
		<fanart/>
	</item>

	<item>
		<title>[COLOR pink]18 year old girl fucks like crazy[/COLOR]</title>
		<link>https://cdn1.4ddicted.com/embed/93oyQnDYiD-VccnxEw9shQ/1527771600/25513492.mp4</link>
		<thumbnail>https://rexxx.co/141259233/18-year-old-girl-fucks-like.jpg</thumbnail>
		<fanart/>
	</item>

	<item>
		<title>[COLOR pink]A Bad Romance[/COLOR]</title>
		<link>https://cdn1.4ddicted.com/embed/L3M8b-hO_1CJewTomoU8mQ/1527771600/47831821.mp4</link>
		<thumbnail>https://rexxx.co/141202904/bad-romance-26.jpg</thumbnail>
		<fanart/>
	</item>

	<item>
		<title>[COLOR pink]She thought she could say no[/COLOR]</title>
		<link>https://cdn1.4ddicted.com/embed/aFj0k2LlbTpZPGg0jd79HQ/1527771600/86558024.mp4</link>
		<thumbnail>https://rexxx.co/141305278/thought-could-say-no.jpg</thumbnail>
		<fanart/>
	</item>

	<item>
		<title>[COLOR pink]Brazilian Vixen[/COLOR]</title>
		<link>https://cdn1.4ddicted.com/embed/Vtx1bOEzT8VR0ZpcYS2qHQ/1527771600/66458555.mp4</link>
		<thumbnail>https://rexxx.co/141331161/brazilian-vixen-3.jpg</thumbnail>
		<fanart/>
	</item>

	<item>
		<title>[COLOR pink]Brazilian Vixen[/COLOR]</title>
		<link>https://cdn1.4ddicted.com/embed/UCCIXEDLiUHgiy7pRcyMGQ/1527771600/28959184.mp4</link>
		<thumbnail>https://rexxx.co/141239852/brazilian-vixen-2.jpg</thumbnail>
		<fanart/>
	</item>

	<item>
		<title>[COLOR pink]BBW mom rides black cock[/COLOR]</title>
		<link>https://cdn1.4ddicted.com/embed/fwmJlVMRGf0wPaqXkpirOA/1527771600/39251294.mp4</link>
		<thumbnail>https://rexxx.co/141182644/bbw-mom-rides-black-cock.jpg</thumbnail>
		<fanart/>
	</item>

	<item>
		<title>[COLOR pink]Hot teen with big natural tits[/COLOR]</title>
		<link>https://cdn1.4ddicted.com/embed/QvdwBFc4-ZevX92fnauFKw/1527771600/17551288.mp4</link>
		<thumbnail>https://rexxx.co/141347377/hot-teen-big-natural-tits-8.jpg</thumbnail>
		<fanart/>
	</item>

	<item>
		<title>[COLOR pink]Miss Universe gone wild[/COLOR]</title>
		<link>https://cdn1.4ddicted.com/embed/Tttoch-_a_cf4B_9F1UV_A/1528376400/41814035.mp4</link>
		<thumbnail>https://rexxx.co/141389329/miss-universe-gone-wild.jpg</thumbnail>
		<fanart/>
	</item>

	<item>
		<title>[COLOR pink]Redhead sucks dick in the car and gets banged in the abandoned house[/COLOR]</title>
		<link>https://cdn1.4ddicted.com/embed/0ROU0vowaQ6IM4faPPA0HQ/1528376400/54608469.mp4</link>
		<thumbnail>https://rexxx.co/141431981/redhead-sucks-dick-in-car-6.jpg</thumbnail>
		<fanart/>
	</item>

	<item>
		<title>[COLOR pink]The perfect boobs[/COLOR]</title>
		<link>https://cdn1.4ddicted.com/embed/m8tfzyQlhzzL9n-1vtNmbw/1527771600/44347846.mp4</link>
		<thumbnail>https://rexxx.co/141347361/perfect-boobs-55.jpg</thumbnail>
		<fanart/>
	</item>

	<item>
		<title>[COLOR pink]Curvy bubble butt girl have anal sex[/COLOR]</title>
		<link>https://cdn1.4ddicted.com/embed/KFts7MRW-gcZLe0akQ---w/1527771600/20859023.mp4</link>
		<thumbnail>https://rexxx.co/141107550/curvy-bubble-butt-girl-anal.jpg</thumbnail>
		<fanart/>
	</item>

	<item>
		<title>[COLOR pink]Sexy bubble butt blonde[/COLOR]</title>
		<link>https://cdn1.4ddicted.com/embed/JHEi-x-QkbY_dQZwMD2bEQ/1527771600/44930569.mp4</link>
		<thumbnail>https://rexxx.co/141107582/sexy-bubble-butt-blonde-5.jpg</thumbnail>
		<fanart/>
	</item>

	<item>
		<title>[COLOR pink]Perfect ass gets some anal[/COLOR]</title>
		<link>https://cdn1.4ddicted.com/embed/oxNqRj-1_nFZa8mOoN2HnQ/1528376400/47394920.mp4</link>
		<thumbnail>https://rexxx.co/141389341/perfect-ass-some-anal-4.jpg</thumbnail>
		<fanart/>
	</item>

	<item>
		<title>[COLOR pink]Busty MILF picked up on the beach[/COLOR]</title>
		<link>https://cdn1.4ddicted.com/embed/aF_l26xKcA2J7mVsIxtpzQ/1528376400/29075076.mp4</link>
		<thumbnail>https://rexxx.co/141389328/busty-milf-picked-up-beach.jpg</thumbnail>
		<fanart/>
	</item>

	<item>
		<title>[COLOR pink]Hot girlie wants some serious action[/COLOR]</title>
		<link>https://cdn1.4ddicted.com/embed/Ypg5gPkrVCIb4mhuRcCxrQ/1528376400/58348147.mp4</link>
		<thumbnail>https://rexxx.co/141413693/hot-girlie-wants-some-serious.jpg</thumbnail>
		<fanart/>
	</item>

	<item>
		<title>[COLOR pink]Hot amateur teen[/COLOR]</title>
		<link>https://cdn1.4ddicted.com/embed/r1f3HSPgvd3kQ-cuJJsLWg/1528376400/22282692.mp4</link>
		<thumbnail>https://rexxx.co/141413707/hot-amateur-teen-38.jpg</thumbnail>
		<fanart/>
	</item>

	<item>
		<title>[COLOR pink]Porn stars orgy with amateur guys[/COLOR]</title>
		<link>https://cdn1.4ddicted.com/embed/MbXBONbCX5FJWVw7yUKDPg/1527771600/88207990.mp4</link>
		<thumbnail>https://rexxx.co/141137671/porn-stars-orgy-amateur-guys.jpg</thumbnail>
		<fanart/>
	</item>

	<item>
		<title>[COLOR pink]Jiggle All the Way[/COLOR]</title>
		<link>https://cdn1.4ddicted.com/embed/IGoLnB8iulBgU0YGW9k3gg/1527771600/45685387.mp4</link>
		<thumbnail>https://rexxx.co/141331160/jiggle-way-6.jpg</thumbnail>
		<fanart/>
	</item>

	<item>
		<title>[COLOR pink]Anal for sexy teen brunette[/COLOR]</title>
		<link>https://cdn1.4ddicted.com/embed/TK9RzDBWKdwLwgZLOGIAhw/1527771600/62393621.mp4</link>
		<thumbnail>https://rexxx.co/141107516/anal-for-sexy-teen-brunette.jpg</thumbnail>
		<fanart/>
	</item>

	<item>
		<title>[COLOR pink]Girl pays the rent by making a sex video[/COLOR]</title>
		<link>https://cdn1.4ddicted.com/embed/SeePn6pATOidIa8CJ7pkiw/1528462800/56535163.mp4</link>
		<thumbnail>https://rexxx.co/141431979/girl-pays-rent-making-sex.jpg</thumbnail>
		<fanart/>
	</item>

	<item>
		<title>[COLOR pink]Special agent fucks the arms dealer[/COLOR]</title>
		<link>https://cdn1.4ddicted.com/embed/-Vv9pRViLv-khkqBngxUpA/1527771600/62230565.mp4</link>
		<thumbnail>https://rexxx.co/141347360/special-agent-fucks-arms.jpg</thumbnail>
		<fanart/>
	</item>

	<item>
		<title>[COLOR pink]Ebony girl getting her holes stuffed[/COLOR]</title>
		<link>https://cdn1.4ddicted.com/embed/j0CFY4XH-Ogyicm9DHFwRA/1527771600/71578330.mp4</link>
		<thumbnail>https://rexxx.co/141259221/ebony-girl-holes-stuffed.jpg</thumbnail>
		<fanart/>
	</item>

	<item>
		<title>[COLOR pink]Delicious sexy wife[/COLOR]</title>
		<link>https://cdn1.4ddicted.com/embed/_Hdd4SOcRPoglbDYYPLS3A/1527771600/72674183.mp4</link>
		<thumbnail>https://rexxx.co/141305277/delicious-sexy-wife.jpg</thumbnail>
		<fanart/>
	</item>

	<item>
		<title>[COLOR pink]Girl surprises her boyfriend with a threesome[/COLOR]</title>
		<link>https://cdn1.4ddicted.com/embed/bToOeuTMHAmEWgQ0epKBgg/1527771600/43680324.mp4</link>
		<thumbnail>https://rexxx.co/141259224/girl-surprises-boyfriend-6.jpg</thumbnail>
		<fanart/>
	</item>

	<item>
		<title>[COLOR pink]Monster cock parade[/COLOR]</title>
		<link>https://cdn1.4ddicted.com/embed/GZaMzO9Dx-opVWm0IRWVtw/1528462800/93513873.mp4</link>
		<thumbnail>https://rexxx.co/141389335/monster-cock-parade-2.jpg</thumbnail>
		<fanart/>
	</item>

	<item>
		<title>[COLOR pink]Teacher gets gang banged in prison[/COLOR]</title>
		<link>https://cdn1.4ddicted.com/embed/RAmtn-D5Nbe22fqKFpjyeQ/1527771600/60567357.mp4</link>
		<thumbnail>https://rexxx.co/141331159/teacher-gang-banged-in-prison.jpg</thumbnail>
		<fanart/>
	</item>

	<item>
		<title>[COLOR pink]Cup E Busty Chick Anal Sex[/COLOR]</title>
		<link>https://cdn1.4ddicted.com/embed/TU50txkZG9TQBw3lQWWBnA/1527771600/73582674.mp4</link>
		<thumbnail>https://rexxx.co/141331149/cup-busty-chick-anal-sex.jpg</thumbnail>
		<fanart/>
	</item>

	<item>
		<title>[COLOR pink]Double Shake[/COLOR]</title>
		<link>https://cdn1.4ddicted.com/embed/QsmR6FWdpQA67BvBI-TEWw/1527771600/90522204.mp4</link>
		<thumbnail>https://rexxx.co/141305269/double-shake-26.jpg</thumbnail>
		<fanart/>
	</item>

	<item>
		<title>[COLOR pink]Guy fucks his boss to get a promotion[/COLOR]</title>
		<link>https://cdn1.4ddicted.com/embed/OzIAWLpy1Z735w7eEh_G-A/1528462800/77995201.mp4</link>
		<thumbnail>https://rexxx.co/141389334/guy-fucks-boss-promotion.jpg</thumbnail>
		<fanart/>
	</item>

	<item>
		<title>[COLOR pink]Hot lesbians pleasure each other in a tropical mansion[/COLOR]</title>
		<link>https://cdn1.4ddicted.com/embed/9Ch45U74TjfnUjjFspW14Q/1527771600/39121916.mp4</link>
		<thumbnail>https://rexxx.co/141331141/hot-lesbians-pleasure-each-37.jpg</thumbnail>
		<fanart/>
	</item>

	<item>
		<title>[COLOR pink]Spanish Teacher[/COLOR]</title>
		<link>https://cdn1.4ddicted.com/embed/Fg3pxYNHuzPnF59zsOItcQ/1527771600/26141968.mp4</link>
		<thumbnail>https://rexxx.co/141158555/spanish-teacher-23.jpg</thumbnail>
		<fanart/>
	</item>

	<item>
		<title>[COLOR pink]A couple and a teen girl[/COLOR]</title>
		<link>https://cdn1.4ddicted.com/embed/2J9e6r8ggm33aUAjci8Y4Q/1527771600/58599997.mp4</link>
		<thumbnail>https://rexxx.co/141347375/couple-teen-girl-35.jpg</thumbnail>
		<fanart/>
	</item>

	<item>
		<title>[COLOR pink]Huge black cock for a white whore[/COLOR]</title>
		<link>https://cdn1.4ddicted.com/embed/-NiJ0o965gsLXd0N6dHHHA/1527771600/72785928.mp4</link>
		<thumbnail>https://rexxx.co/141137676/huge-black-cock-for-white-487.jpg</thumbnail>
		<fanart/>
	</item>

	<item>
		<title>[COLOR pink]Busty captain[/COLOR]</title>
		<link>https://cdn1.4ddicted.com/embed/Fo4A6KI32SaHT3sL3ZAsfA/1527771600/89151472.mp4</link>
		<thumbnail>https://rexxx.co/141347357/busty-captain.jpg</thumbnail>
		<fanart/>
	</item>

	<item>
		<title>[COLOR pink]Married MILF starved for cock[/COLOR]</title>
		<link>https://cdn1.4ddicted.com/embed/evfICG2lQwm98hQdYiMFWQ/1527771600/14729483.mp4</link>
		<thumbnail>https://rexxx.co/141347359/married-milf-starved-for-cock-2.jpg</thumbnail>
		<fanart/>
	</item>

	<item>
		<title>[COLOR pink]2 sexy immigrants[/COLOR]</title>
		<link>https://cdn1.4ddicted.com/embed/AumIsiHbv7ZprJzXUkdDvQ/1527771600/63114103.mp4</link>
		<thumbnail>https://rexxx.co/141305274/2-sexy-immigrants.jpg</thumbnail>
		<fanart/>
	</item>

	<item>
		<title>[COLOR pink]Threesome fun in the college[/COLOR]</title>
		<link>https://cdn1.4ddicted.com/embed/8EXyL1BxSnajeo0ciFvtKw/1527771600/59086539.mp4</link>
		<thumbnail>https://rexxx.co/141182634/threesome-fun-in-college.jpg</thumbnail>
		<fanart/>
	</item>

	<item>
		<title>[COLOR pink]Big tit babe ass poked[/COLOR]</title>
		<link>https://cdn1.4ddicted.com/embed/x1Y_OeY9WdkUjR0VtddkIw/1527771600/22861888.mp4</link>
		<thumbnail>https://rexxx.co/141371225/big-tit-babe-ass-poked.jpg</thumbnail>
		<fanart/>
	</item>

	<item>
		<title>[COLOR pink]Skinny brunette rides black dick[/COLOR]</title>
		<link>https://cdn1.4ddicted.com/embed/0giDet-FWCTdIA1RTOpuwA/1528462800/23386555.mp4</link>
		<thumbnail>https://rexxx.co/141458015/skinny-brunette-rides-black.jpg</thumbnail>
		<fanart/>
	</item>

	<item>
		<title>[COLOR pink]Facial For A Petite Girl[/COLOR]</title>
		<link>https://cdn1.4ddicted.com/embed/AmWcq-0CO1RFNgikWrD9BQ/1528462800/70284671.mp4</link>
		<thumbnail>https://rexxx.co/141413705/facial-for-petite-girl-23.jpg</thumbnail>
		<fanart/>
	</item>

	<item>
		<title>[COLOR pink]Both holes defloration[/COLOR]</title>
		<link>https://cdn1.4ddicted.com/embed/C8gDLoINGy9ByZNY1Hi8Kw/1527771600/85260246.mp4</link>
		<thumbnail>https://rexxx.co/141305292/both-holes-defloration.jpg</thumbnail>
		<fanart/>
	</item>

	<item>
		<title>[COLOR pink]Beautiful Girl Needs Some Dick[/COLOR]</title>
		<link>https://cdn1.4ddicted.com/embed/ev3d-bxDD8vOjZ7vqoEMkA/1527771600/47044883.mp4</link>
		<thumbnail>https://rexxx.co/141137707/beautiful-girl-needs-some-3.jpg</thumbnail>
		<fanart/>
	</item>

	<item>
		<title>[COLOR pink]Paying bills with anal sex[/COLOR]</title>
		<link>https://cdn1.4ddicted.com/embed/COnZWdqFoHzyeJLs7v_m0g/1527771600/24718807.mp4</link>
		<thumbnail>https://rexxx.co/141286010/paying-bills-anal-sex.jpg</thumbnail>
		<fanart/>
	</item>

	<item>
		<title>[COLOR pink]2 sexy milfs pleasuring a guy[/COLOR]</title>
		<link>https://cdn1.4ddicted.com/embed/A3L55zPLqzkMhynHA2ZJKw/1527771600/64642647.mp4</link>
		<thumbnail>https://rexxx.co/141286019/2-sexy-milfs-pleasuring-guy.jpg</thumbnail>
		<fanart/>
	</item>

	<item>
		<title>[COLOR pink]Curvy babe[/COLOR]</title>
		<link>https://cdn1.4ddicted.com/embed/4c0hvUxP2oXHLDqMO6xO4Q/1527771600/87276775.mp4</link>
		<thumbnail>https://rexxx.co/141137691/curvy-babe-6.jpg</thumbnail>
		<fanart/>
	</item>

	<item>
		<title>[COLOR pink]Married couple tries FFM sex[/COLOR]</title>
		<link>https://cdn1.4ddicted.com/embed/EspUVGKSniKhWMfeAuAqfw/1528462800/36571725.mp4</link>
		<thumbnail>https://rexxx.co/141413697/married-couple-tries-ffm-sex.jpg</thumbnail>
		<fanart/>
	</item>

	<item>
		<title>[COLOR pink]Mature French woman hardcore gang bang[/COLOR]</title>
		<link>https://cdn1.4ddicted.com/embed/5ljJgpniLkYtl6aFCRugog/1527771600/24947898.mp4</link>
		<thumbnail>https://rexxx.co/141202909/mature-french-woman-hardcore.jpg</thumbnail>
		<fanart/>
	</item>

	<item>
		<title>[COLOR pink]Paint And Pussy[/COLOR]</title>
		<link>https://cdn1.4ddicted.com/embed/LmhiAnC6fBipl2jPrvg52Q/1528462800/80308798.mp4</link>
		<thumbnail>https://rexxx.co/141432000/paint-pussy.jpg</thumbnail>
		<fanart/>
	</item>

	<item>
		<title>[COLOR pink]Bad girls know how to make a party[/COLOR]</title>
		<link>https://cdn1.4ddicted.com/embed/Qqvf-z2bt0hkv2VxWpeAuQ/1527771600/20067222.mp4</link>
		<thumbnail>https://rexxx.co/141347374/bad-girls-know-how-make-party.jpg</thumbnail>
		<fanart/>
	</item>

	<item>
		<title>[COLOR pink]Slutty And Sluttier[/COLOR]</title>
		<link>https://cdn1.4ddicted.com/embed/2s0crUIgGYAfLf-Ypc4irQ/1527771600/36636044.mp4</link>
		<thumbnail>https://rexxx.co/141371251/slutty-sluttier-87.jpg</thumbnail>
		<fanart/>
	</item>

	<item>
		<title>[COLOR pink]How to solve legal issues[/COLOR]</title>
		<link>https://cdn1.4ddicted.com/embed/ld0XB3D1hzJgn7t_mElrGg/1528462800/92298100.mp4</link>
		<thumbnail>https://rexxx.co/141389337/how-solve-legal-issues.jpg</thumbnail>
		<fanart/>
	</item>

	<item>
		<title>[COLOR pink]Sexy young latina in love[/COLOR]</title>
		<link>https://cdn1.4ddicted.com/embed/y74cimhHGSHlhHIiPJ9vqw/1527771600/45826797.mp4</link>
		<thumbnail>https://rexxx.co/141137689/sexy-young-latina-in-love.jpg</thumbnail>
		<fanart/>
	</item>

	<item>
		<title>[COLOR pink]She likes hardcore anal sex[/COLOR]</title>
		<link>https://cdn1.4ddicted.com/embed/T1o3Wo6_dxsmZifKtDq0Pw/1527771600/23583105.mp4</link>
		<thumbnail>https://rexxx.co/141331150/likes-hardcore-anal-sex-2.jpg</thumbnail>
		<fanart/>
	</item>

	<item>
		<title>[COLOR pink]Slutty schoolgirl likes big cocks[/COLOR]</title>
		<link>https://cdn1.4ddicted.com/embed/g_FS3d6jK_BLb6Jg7Q6W2g/1527771600/67412861.mp4</link>
		<thumbnail>https://rexxx.co/141331153/slutty-schoolgirl-likes-big-6.jpg</thumbnail>
		<fanart/>
	</item>

	<item>
		<title>[COLOR pink]Fat Juicy Sexy White Ass[/COLOR]</title>
		<link>https://cdn1.4ddicted.com/embed/WlsBaDevVmudb7Pke27kag/1527771600/27655593.mp4</link>
		<thumbnail>https://rexxx.co/141331135/fat-juicy-sexy-white-ass-28.jpg</thumbnail>
		<fanart/>
	</item>

	<item>
		<title>[COLOR pink]Skinny blonde does the job[/COLOR]</title>
		<link>https://cdn1.4ddicted.com/embed/PGhrESvZRx0uQIkJwLNqxg/1527771600/73342160.mp4</link>
		<thumbnail>https://rexxx.co/141107589/skinny-blonde-does-job.jpg</thumbnail>
		<fanart/>
	</item>

	<item>
		<title>[COLOR pink]Give my Wife a Bone[/COLOR]</title>
		<link>https://cdn1.4ddicted.com/embed/5MJ5w5sb38BTFG3agU2NRA/1528462800/23610621.mp4</link>
		<thumbnail>https://rexxx.co/141413715/give-wife-bone-10.jpg</thumbnail>
		<fanart/>
	</item>

	<item>
		<title>[COLOR pink]Busty brunette loves the dick[/COLOR]</title>
		<link>https://cdn1.4ddicted.com/embed/pcCb30Tt_BFglbSsx6nbgw/1527771600/99310226.mp4</link>
		<thumbnail>https://rexxx.co/141239844/busty-brunette-loves-dick-2.jpg</thumbnail>
		<fanart/>
	</item>

	<item>
		<title>[COLOR pink]Blonde double penetrated by BBCs[/COLOR]</title>
		<link>https://cdn1.4ddicted.com/embed/V2putOEsq4Fr2aUWELu0Vg/1528462800/77736439.mp4</link>
		<thumbnail>https://rexxx.co/141413712/blonde-double-penetrated-bbcs.jpg</thumbnail>
		<fanart/>
	</item>

	<item>
		<title>[COLOR pink]Sexy brunette[/COLOR]</title>
		<link>https://cdn1.4ddicted.com/embed/hm4NeXb55md94JFGXQLvAg/1527771600/64287308.mp4</link>
		<thumbnail>https://rexxx.co/141202917/sexy-brunette-460.jpg</thumbnail>
		<fanart/>
	</item>

	<item>
		<title>[COLOR pink]Blonde teen sex fiesta[/COLOR]</title>
		<link>https://cdn1.4ddicted.com/embed/O7qIvbCqHAQCf_w8PGYyFA/1528462800/79701887.mp4</link>
		<thumbnail>https://rexxx.co/141527456/blonde-teen-sex-fiesta.jpg</thumbnail>
		<fanart/>
	</item>

	<item>
		<title>[COLOR pink]Backstage of footjob and sex[/COLOR]</title>
		<link>https://cdn1.4ddicted.com/embed/mDx6wU13g0nQj1sTI9pV4A/1527771600/24729170.mp4</link>
		<thumbnail>https://rexxx.co/141202919/backstage-of-footjob-sex.jpg</thumbnail>
		<fanart/>
	</item>

	<item>
		<title>[COLOR pink]Skyline Facial[/COLOR]</title>
		<link>https://cdn1.4ddicted.com/embed/dtzjQ0fIy5QJ-wi4XSZbSw/1528462800/26901634.mp4</link>
		<thumbnail>https://rexxx.co/141389340/skyline-facial-2.jpg</thumbnail>
		<fanart/>
	</item>

	<item>
		<title>[COLOR pink]Girlfriend convinced to have anal sex[/COLOR]</title>
		<link>https://cdn1.4ddicted.com/embed/h_y0eMBndnsQyqgDQw7Fxg/1527771600/74320848.mp4</link>
		<thumbnail>https://rexxx.co/141182629/girlfriend-convinced-anal-sex.jpg</thumbnail>
		<fanart/>
	</item>

	<item>
		<title>[COLOR pink]Does it fit good?[/COLOR]</title>
		<link>https://cdn1.4ddicted.com/embed/iuqcOohJ011lb2GNpBEsQw/1527771600/90120055.mp4</link>
		<thumbnail>https://rexxx.co/141158570/does-fit-good.jpg</thumbnail>
		<fanart/>
	</item>

	<item>
		<title>[COLOR pink]Slumber Party Sluts Orgy[/COLOR]</title>
		<link>https://cdn1.4ddicted.com/embed/ezbM6iJfRj6UwP0-w2-ngw/1528462800/81410376.mp4</link>
		<thumbnail>https://rexxx.co/141509521/slumber-party-sluts-orgy-2.jpg</thumbnail>
		<fanart/>
	</item>

	<item>
		<title>[COLOR pink]Dirty teen gets butt fucked by a monster cock[/COLOR]</title>
		<link>https://cdn1.4ddicted.com/embed/kZdKnl1890yDjj3xvYDlFg/1527771600/14221548.mp4</link>
		<thumbnail>https://rexxx.co/141371237/dirty-teen-butt-fucked.jpg</thumbnail>
		<fanart/>
	</item>

	<item>
		<title>[COLOR pink]The inspector[/COLOR]</title>
		<link>https://cdn1.4ddicted.com/embed/3qw7z0vONqnhEPK4d1gV6Q/1528462800/15871797.mp4</link>
		<thumbnail>https://rexxx.co/141221574/inspector-14.jpg</thumbnail>
		<fanart/>
	</item>

	<item>
		<title>[COLOR pink]Teen one on one with her swim instructor[/COLOR]</title>
		<link>https://cdn1.4ddicted.com/embed/EtPbfOWtnasuxdzNmCCPgw/1528462800/52037836.mp4</link>
		<thumbnail>https://rexxx.co/141331138/teen-swim-instructor.jpg</thumbnail>
		<fanart/>
	</item>

	<item>
		<title>[COLOR pink]"knights" fight over a girl[/COLOR]</title>
		<link>https://cdn1.4ddicted.com/embed/wWAkiyzbz9Hostsluc42Hw/1528462800/82740594.mp4</link>
		<thumbnail>https://rexxx.co/141137675/knights-fight-over-girl.jpg</thumbnail>
		<fanart/>
	</item>

	<item>
		<title>[COLOR pink]Rub in the tub[/COLOR]</title>
		<link>https://cdn1.4ddicted.com/embed/-fxBpxy2GPm8g2kUw6yc2g/1528462800/85598488.mp4</link>
		<thumbnail>https://rexxx.co/141389346/rub-in-tub-4.jpg</thumbnail>
		<fanart/>
	</item>

	<item>
		<title>[COLOR pink]Shiatsu Santa[/COLOR]</title>
		<link>https://cdn1.4ddicted.com/embed/IR53DL9DgOiw9ily348UTQ/1528462800/33153502.mp4</link>
		<thumbnail>https://rexxx.co/141331151/shiatsu-santa-5.jpg</thumbnail>
		<fanart/>
	</item>

	<item>
		<title>[COLOR pink]Who's the boss[/COLOR]</title>
		<link>https://cdn1.4ddicted.com/embed/Ow16W2BdQMQTvb2qWH5EeA/1528462800/31531309.mp4</link>
		<thumbnail>https://rexxx.co/141202921/whos-boss-16.jpg</thumbnail>
		<fanart/>
	</item>

	<item>
		<title>[COLOR pink]Sex in the car[/COLOR]</title>
		<link>https://cdn1.4ddicted.com/embed/-bV13eubLDvohIZLjz6-0Q/1528462800/79479918.mp4</link>
		<thumbnail>https://rexxx.co/141137708/sex-in-car-179.jpg</thumbnail>
		<fanart/>
	</item>

	<item>
		<title>[COLOR pink]Big titted MILF seduces young guys[/COLOR]</title>
		<link>https://cdn1.4ddicted.com/embed/DCtxKrOmvAG_Czh1OaxfGA/1528462800/24969831.mp4</link>
		<thumbnail>https://rexxx.co/141527467/big-titted-milf-seduces-young.jpg</thumbnail>
		<fanart/>
	</item>

	<item>
		<title>[COLOR pink]Sexy present for prisoners[/COLOR]</title>
		<link>https://cdn1.4ddicted.com/embed/pSeztqrhEeiVIc3A5rQ5Tg/1528462800/33142626.mp4</link>
		<thumbnail>https://rexxx.co/141347379/sexy-present-for-prisoners.jpg</thumbnail>
		<fanart/>
	</item>

	<item>
		<title>[COLOR pink]Angry Sex[/COLOR]</title>
		<link>https://cdn1.4ddicted.com/embed/TrMKP_69cwn40o9p7mI2hA/1528462800/84525606.mp4</link>
		<thumbnail>https://rexxx.co/141137704/angry-sex-4.jpg</thumbnail>
		<fanart/>
	</item>

	<item>
		<title>[COLOR pink]2 girls take a test-drive before hiring dudes[/COLOR]</title>
		<link>https://cdn1.4ddicted.com/embed/c0nI0kaQ9WBDhnrjxJIExg/1528462800/73517713.mp4</link>
		<thumbnail>https://rexxx.co/141239839/2-girls-take-test-drive.jpg</thumbnail>
		<fanart/>
	</item>

	<item>
		<title>[COLOR pink]Filthy cooking lesson[/COLOR]</title>
		<link>https://cdn1.4ddicted.com/embed/T_FluUqc7-K20VjFWjIXlA/1528462800/36262060.mp4</link>
		<thumbnail>https://rexxx.co/141286005/filthy-cooking-lesson.jpg</thumbnail>
		<fanart/>
	</item>

	<item>
		<title>[COLOR pink]This busty blonde likes to be used like a whore[/COLOR]</title>
		<link>https://cdn1.4ddicted.com/embed/QexH-WG2L9Qq6qXm-LMODw/1528462800/72070668.mp4</link>
		<thumbnail>https://rexxx.co/141413691/busty-blonde-likes-be-used.jpg</thumbnail>
		<fanart/>
	</item>

	<item>
		<title>[COLOR pink]Teen bitches jump on the first available cock[/COLOR]</title>
		<link>https://cdn1.4ddicted.com/embed/Hx57MvBjp4K7wW3Vt7j2NQ/1528462800/53483230.mp4</link>
		<thumbnail>https://rexxx.co/141389332/teen-bitches-jump-first.jpg</thumbnail>
		<fanart/>
	</item>

	<item>
		<title>[COLOR pink]Brunette wants black cock to fill her ass[/COLOR]</title>
		<link>https://cdn1.4ddicted.com/embed/OcqMdYanuZbDeTvxC8gF5w/1528462800/32373302.mp4</link>
		<thumbnail>https://rexxx.co/141286032/brunette-wants-black-cock.jpg</thumbnail>
		<fanart/>
	</item>

	<item>
		<title>[COLOR pink]Busty secretary modelling lingerie and gets double penetrated[/COLOR]</title>
		<link>https://cdn1.4ddicted.com/embed/rBiO4Ym6HjdnQ3uUOxKzAw/1528462800/48338374.mp4</link>
		<thumbnail>https://rexxx.co/141259216/busty-secretary-modelling.jpg</thumbnail>
		<fanart/>
	</item>

	<item>
		<title>[COLOR pink]Sexy Romanian Brunette[/COLOR]</title>
		<link>https://cdn1.4ddicted.com/embed/utdKAbEiuUQsTQ7OvWdUKg/1528462800/61975884.mp4</link>
		<thumbnail>https://rexxx.co/141239849/sexy-romanian-brunette-32.jpg</thumbnail>
		<fanart/>
	</item>

	<item>
		<title>[COLOR pink]Busty latina babe[/COLOR]</title>
		<link>https://cdn1.4ddicted.com/embed/Zs4AXMlevFS7X7eapU2w8w/1528462800/75079757.mp4</link>
		<thumbnail>https://rexxx.co/141221582/busty-latina-babe-23.jpg</thumbnail>
		<fanart/>
	</item>

	<item>
		<title>[COLOR pink]Cock suck society[/COLOR]</title>
		<link>https://cdn1.4ddicted.com/embed/I0eE23BM3uyyUnE4NEejrQ/1528462800/18935665.mp4</link>
		<thumbnail>https://rexxx.co/141137679/cock-suck-society.jpg</thumbnail>
		<fanart/>
	</item>

	<item>
		<title>[COLOR pink]Blonde cougar anal sex[/COLOR]</title>
		<link>https://cdn1.4ddicted.com/embed/NIYvtR_FVi8oJ0okT1_5sw/1528462800/45042510.mp4</link>
		<thumbnail>https://rexxx.co/141286021/blonde-cougar-anal-sex-2.jpg</thumbnail>
		<fanart/>
	</item>

	<item>
		<title>[COLOR pink]Double Teamed Real Estate Sale[/COLOR]</title>
		<link>https://cdn1.4ddicted.com/embed/DpcDxF9DSDDUAcN6e-zO-g/1528462800/72587280.mp4</link>
		<thumbnail>https://rexxx.co/141221586/double-teamed-real-estate-3.jpg</thumbnail>
		<fanart/>
	</item>

	<item>
		<title>[COLOR pink]Sexy girl with amazing natural big tits[/COLOR]</title>
		<link>https://cdn1.4ddicted.com/embed/x9sOeQzIv-uv4RxaGWdcVQ/1528462800/50137691.mp4</link>
		<thumbnail>https://rexxx.co/141239840/sexy-girl-amazing-natural-big.jpg</thumbnail>
		<fanart/>
	</item>

	<item>
		<title>[COLOR pink]Bored wife fucks her husband's business associate[/COLOR]</title>
		<link>https://cdn1.4ddicted.com/embed/vO6EiP04Xyd-dE6SfeFPBw/1528462800/45049990.mp4</link>
		<thumbnail>https://rexxx.co/141286023/bored-wife-fucks-husbands.jpg</thumbnail>
		<fanart/>
	</item>

	<item>
		<title>[COLOR pink]Big tits chick in latex[/COLOR]</title>
		<link>https://cdn1.4ddicted.com/embed/aTBOA3iNBmEHvQgjr5HRTw/1528462800/45241634.mp4</link>
		<thumbnail>https://rexxx.co/141137686/big-tits-chick-in-latex.jpg</thumbnail>
		<fanart/>
	</item>

	<item>
		<title>[COLOR pink]Hungarian babe having fun[/COLOR]</title>
		<link>https://cdn1.4ddicted.com/embed/0SGzalTFlG1WV8jJIzNSsQ/1528462800/57849209.mp4</link>
		<thumbnail>https://rexxx.co/141305286/hungarian-babe-fun.jpg</thumbnail>
		<fanart/>
	</item>

	<item>
		<title>[COLOR pink]Blonde boss double penetrated by her employees[/COLOR]</title>
		<link>https://cdn1.4ddicted.com/embed/Ix76u01QidKGtnR_G08n6g/1528462800/41512615.mp4</link>
		<thumbnail>https://rexxx.co/141107562/blonde-boss-double-penetrated.jpg</thumbnail>
		<fanart/>
	</item>

	<item>
		<title>[COLOR pink]The insatiable doctor[/COLOR]</title>
		<link>https://cdn1.4ddicted.com/embed/yRnJm8eUqjv0_TmNrSDnGA/1528462800/75746199.mp4</link>
		<thumbnail>https://rexxx.co/141137700/insatiable-doctor.jpg</thumbnail>
		<fanart/>
	</item>

	<item>
		<title>[COLOR pink]Sexy busty blonde[/COLOR]</title>
		<link>https://cdn1.4ddicted.com/embed/Ooc4CB81KbU3jTnj9X7EBw/1528462800/16835555.mp4</link>
		<thumbnail>https://rexxx.co/141331136/sexy-busty-blonde-25.jpg</thumbnail>
		<fanart/>
	</item>

	<item>
		<title>[COLOR pink]The winner[/COLOR]</title>
		<link>https://cdn1.4ddicted.com/embed/k3lbkYe-gratT5vtOO4QgQ/1528462800/82829113.mp4</link>
		<thumbnail>https://rexxx.co/141158571/winner-39.jpg</thumbnail>
		<fanart/>
	</item>

	<item>
		<title>[COLOR pink]Curvy vixen likes to fuck BBC[/COLOR]</title>
		<link>https://cdn1.4ddicted.com/embed/UdlyBP6OGw4GS5FflpgV3w/1528462800/87888100.mp4</link>
		<thumbnail>https://rexxx.co/141259227/curvy-vixen-likes-fuck-bbc.jpg</thumbnail>
		<fanart/>
	</item>

	<item>
		<title>[COLOR pink]Lusty police officer[/COLOR]</title>
		<link>https://cdn1.4ddicted.com/embed/BEnlShLDb1GoUM6M7DHYOg/1528462800/81806027.mp4</link>
		<thumbnail>https://rexxx.co/141221585/lusty-police-officer.jpg</thumbnail>
		<fanart/>
	</item>

	<item>
		<title>[COLOR pink]Nicole sex for cash[/COLOR]</title>
		<link>https://cdn1.4ddicted.com/embed/ts45c0oeRKS48rjvjhMEdw/1528462800/20728128.mp4</link>
		<thumbnail>https://rexxx.co/141182646/nicole-sex-for-cash.jpg</thumbnail>
		<fanart/>
	</item>

	<item>
		<title>[COLOR pink]Bonnie and Xander[/COLOR]</title>
		<link>https://cdn1.4ddicted.com/embed/jufinybgQW1ZIoDSJtJN6w/1528462800/68915457.mp4</link>
		<thumbnail>https://rexxx.co/141431985/bonnie-xander-7.jpg</thumbnail>
		<fanart/>
	</item>

	<item>
		<title>[COLOR pink]In the middle of a sandwich[/COLOR]</title>
		<link>https://cdn1.4ddicted.com/embed/fDVJVbNn2ozelZ2sng-ofA/1528462800/58382718.mp4</link>
		<thumbnail>https://rexxx.co/141431999/in-middle-of-sandwich.jpg</thumbnail>
		<fanart/>
	</item>

	<item>
		<title>[COLOR pink]St. Patrick's Day Orgy[/COLOR]</title>
		<link>https://cdn1.4ddicted.com/embed/ziKLY_TcLnM8HPsB9nbPow/1528462800/90952664.mp4</link>
		<thumbnail>https://rexxx.co/141137713/st-patricks-day-orgy-2.jpg</thumbnail>
		<fanart/>
	</item>

	<item>
		<title>[COLOR pink]MILF deepthroating a cock[/COLOR]</title>
		<link>https://cdn1.4ddicted.com/embed/xeQK64UelDEvE4sBtpTrcQ/1528462800/86926217.mp4</link>
		<thumbnail>https://rexxx.co/141239841/milf-deepthroating-cock-11.jpg</thumbnail>
		<fanart/>
	</item>

	<item>
		<title>[COLOR pink]Busted and fucked[/COLOR]</title>
		<link>https://cdn1.4ddicted.com/embed/20kPROoAPIsHaeiM5KEsRg/1528462800/79629162.mp4</link>
		<thumbnail>https://rexxx.co/141331146/busted-fucked-3.jpg</thumbnail>
		<fanart/>
	</item>

	<item>
		<title>[COLOR pink]The exceptional service[/COLOR]</title>
		<link>https://cdn1.4ddicted.com/embed/FXhkmwLy5Mgl1QRag6RYUg/1528462800/73539117.mp4</link>
		<thumbnail>https://rexxx.co/141107518/exceptional-service.jpg</thumbnail>
		<fanart/>
	</item>

	<item>
		<title>[COLOR pink]Paying debt with his wife's body[/COLOR]</title>
		<link>https://cdn1.4ddicted.com/embed/YDKPfemIU4hxVS9mjMhz1A/1528462800/65660854.mp4</link>
		<thumbnail>https://rexxx.co/141331144/paying-debt-wifes-body.jpg</thumbnail>
		<fanart/>
	</item>

	<item>
		<title>[COLOR pink]Redhead picked up and fucked in the ass[/COLOR]</title>
		<link>https://cdn1.4ddicted.com/embed/6zKJjQRZaHClNAjq2U8Z1g/1528462800/31559333.mp4</link>
		<thumbnail>https://rexxx.co/141107229/redhead-picked-up-fucked-2.jpg</thumbnail>
		<fanart/>
	</item>

	<item>
		<title>[COLOR pink]Personal assistant[/COLOR]</title>
		<link>https://cdn1.4ddicted.com/embed/ZR0pByPAqz-VYbDhDM4SUQ/1528462800/52021266.mp4</link>
		<thumbnail>https://rexxx.co/141158559/personal-assistant-11.jpg</thumbnail>
		<fanart/>
	</item>

	<item>
		<title>[COLOR pink]Guy fucks his friend's mom[/COLOR]</title>
		<link>https://cdn1.4ddicted.com/embed/xdG7ZZT8L192a3aFKaHc2Q/1528462800/76713989.mp4</link>
		<thumbnail>https://rexxx.co/141221572/guy-fucks-friends-mom.jpg</thumbnail>
		<fanart/>
	</item>

	<item>
		<title>[COLOR pink]Hot young and tight[/COLOR]</title>
		<link>https://cdn1.4ddicted.com/embed/egNHzt0odOChE53H4EU7iw/1528462800/46913701.mp4</link>
		<thumbnail>https://rexxx.co/141182639/hot-young-tight.jpg</thumbnail>
		<fanart/>
	</item>

	<item>
		<title>[COLOR pink]Busty doctor saves the patient[/COLOR]</title>
		<link>https://cdn1.4ddicted.com/embed/x-zSKQbn_xZzx7NQB9cikg/1528462800/60777910.mp4</link>
		<thumbnail>https://rexxx.co/141107541/busty-doctor-saves-patient.jpg</thumbnail>
		<fanart/>
	</item>

	<item>
		<title>[COLOR pink]Blonde in thigh high boots[/COLOR]</title>
		<link>https://cdn1.4ddicted.com/embed/RJONfrVjA95JHRyjHIdwXg/1528462800/10690215.mp4</link>
		<thumbnail>https://rexxx.co/141347371/blonde-in-thigh-high-boots-3.jpg</thumbnail>
		<fanart/>
	</item>

	<item>
		<title>[COLOR pink]Hot lesbians pleasure each other[/COLOR]</title>
		<link>https://cdn1.4ddicted.com/embed/4WruFEXOqnXkGzFCigja0Q/1528462800/77329488.mp4</link>
		<thumbnail>https://rexxx.co/141286009/hot-lesbians-pleasure-each-36.jpg</thumbnail>
		<fanart/>
	</item>

	<item>
		<title>[COLOR pink]Guy fucks his partner's 18 year old daughter[/COLOR]</title>
		<link>https://cdn1.4ddicted.com/embed/uaBTBV9RNcvGrM4lsWQenw/1528462800/95769854.mp4</link>
		<thumbnail>https://rexxx.co/141458023/guy-fucks-partners-18-year.jpg</thumbnail>
		<fanart/>
	</item>

	<item>
		<title>[COLOR pink]Big natural tits Polynesian girl[/COLOR]</title>
		<link>https://cdn1.4ddicted.com/embed/CVJK2ZbMTChnn0KDZeUh4g/1528462800/21160402.mp4</link>
		<thumbnail>https://rexxx.co/141107555/big-natural-tits-polynesian.jpg</thumbnail>
		<fanart/>
	</item>

	<item>
		<title>[COLOR pink]Hot biker girlfriend[/COLOR]</title>
		<link>https://cdn1.4ddicted.com/embed/48MTzbfGt6DoLMPpmth8bw/1528462800/85591981.mp4</link>
		<thumbnail>https://rexxx.co/141259220/hot-biker-girlfriend.jpg</thumbnail>
		<fanart/>
	</item>

	<item>
		<title>[COLOR pink]Blonde wants to choose who's skills are better[/COLOR]</title>
		<link>https://cdn1.4ddicted.com/embed/h1KT0uWRZwKzGMTdW-55Iw/1528462800/63210289.mp4</link>
		<thumbnail>https://rexxx.co/141371228/blonde-wants-choose-whos.jpg</thumbnail>
		<fanart/>
	</item>

	<item>
		<title>[COLOR pink]Tits Like These Are Rare![/COLOR]</title>
		<link>https://cdn1.4ddicted.com/embed/eOwv8azTF8TwTlcLzZuasw/1528462800/56112034.mp4</link>
		<thumbnail>https://rexxx.co/141431988/tits-like-rare.jpg</thumbnail>
		<fanart/>
	</item>

	<item>
		<title>[COLOR pink]Sexy milf loves to fuck[/COLOR]</title>
		<link>https://cdn1.4ddicted.com/embed/iXIt0w2W-fgyiHFY8HBwnw/1528462800/39551870.mp4</link>
		<thumbnail>https://rexxx.co/141286006/sexy-milf-loves-fuck-10.jpg</thumbnail>
		<fanart/>
	</item>

	<item>
		<title>[COLOR pink]Shaved Big Titty MILF Is Hungry For A Fuck[/COLOR]</title>
		<link>https://cdn1.4ddicted.com/embed/nkrgrSG21nIhFKJnhXH40g/1528462800/59169671.mp4</link>
		<thumbnail>https://rexxx.co/141259226/shaved-big-titty-milf-hungry.jpg</thumbnail>
		<fanart/>
	</item>

	<item>
		<title>[COLOR pink]Blind Passion[/COLOR]</title>
		<link>https://cdn1.4ddicted.com/embed/xmS7jETJCCdGvJXsr6tSBA/1528462800/82255425.mp4</link>
		<thumbnail>https://rexxx.co/141137669/blind-passion-4.jpg</thumbnail>
		<fanart/>
	</item>

	<item>
		<title>[COLOR pink]Amateur French Arab girl gets gang banged[/COLOR]</title>
		<link>https://cdn1.4ddicted.com/embed/g2wT1dWUJNPGLfeQU7kj1g/1528462800/69420544.mp4</link>
		<thumbnail>https://rexxx.co/141107539/amateur-french-arab-girl-gang.jpg</thumbnail>
		<fanart/>
	</item>

	<item>
		<title>[COLOR pink]Hot couple have passionate sex[/COLOR]</title>
		<link>https://cdn1.4ddicted.com/embed/PLXJpc5Scm4N5fK0o2_pKQ/1528462800/61504134.mp4</link>
		<thumbnail>https://rexxx.co/141458011/hot-couple-passionate-sex-8.jpg</thumbnail>
		<fanart/>
	</item>

	<item>
		<title>[COLOR pink]Anal Boot Camp[/COLOR]</title>
		<link>https://cdn1.4ddicted.com/embed/pvbO23wOK_l7ZFavFLAonw/1528462800/14743844.mp4</link>
		<thumbnail>https://rexxx.co/141202912/anal-boot-camp-20.jpg</thumbnail>
		<fanart/>
	</item>

	<item>
		<title>[COLOR pink]Cheating wife blackmailed[/COLOR]</title>
		<link>https://cdn1.4ddicted.com/embed/ksZKPS5oAOqD0LBBTnhF_g/1528462800/62616441.mp4</link>
		<thumbnail>https://rexxx.co/141371227/cheating-wife-blackmailed.jpg</thumbnail>
		<fanart/>
	</item>

	<item>
		<title>[COLOR pink]Mom fucks her daughter's coach[/COLOR]</title>
		<link>https://cdn1.4ddicted.com/embed/DwKtoDMj-YQ30OSU-Hg7JA/1528462800/92350119.mp4</link>
		<thumbnail>https://rexxx.co/141305281/mom-fucks-daughters-coach.jpg</thumbnail>
		<fanart/>
	</item>

	<item>
		<title>[COLOR pink]Girl checking out a sorority house[/COLOR]</title>
		<link>https://cdn1.4ddicted.com/embed/JAbkpFWGy_PsxDQmx5R7LA/1528462800/41269593.mp4</link>
		<thumbnail>https://rexxx.co/141458020/girl-checking-out-sorority.jpg</thumbnail>
		<fanart/>
	</item>

	<item>
		<title>[COLOR pink]MILF is in the mood for some young cock[/COLOR]</title>
		<link>https://cdn1.4ddicted.com/embed/c7w3O23a7t_tICRLdM4N2w/1528462800/93676471.mp4</link>
		<thumbnail>https://rexxx.co/141389348/milf-in-mood-for-some-young.jpg</thumbnail>
		<fanart/>
	</item>

	<item>
		<title>[COLOR pink]Blonde enjoying riding on a big black cock[/COLOR]</title>
		<link>https://cdn1.4ddicted.com/embed/P99cHqKrDRdi7kMjooPvkw/1528462800/80400360.mp4</link>
		<thumbnail>https://rexxx.co/141371246/blonde-enjoying-riding-big.jpg</thumbnail>
		<fanart/>
	</item>

	<item>
		<title>[COLOR pink]Bra Busters[/COLOR]</title>
		<link>https://cdn1.4ddicted.com/embed/9iB5kY_AZRtkRrmbP5br3Q/1528462800/65263665.mp4</link>
		<thumbnail>https://rexxx.co/141158575/bra-busters-67.jpg</thumbnail>
		<fanart/>
	</item>

	<item>
		<title>[COLOR pink]Young and busty[/COLOR]</title>
		<link>https://cdn1.4ddicted.com/embed/ZZo99XALAuMUHGVT-kIPdw/1528462800/69592559.mp4</link>
		<thumbnail>https://rexxx.co/141158568/young-busty-54.jpg</thumbnail>
		<fanart/>
	</item>

	<item>
		<title>[COLOR pink]Personal assistant casting[/COLOR]</title>
		<link>https://cdn1.4ddicted.com/embed/ohkZvy4PqTp-aZDzJ0Xb1g/1528462800/69671245.mp4</link>
		<thumbnail>https://rexxx.co/141458018/personal-assistant-casting.jpg</thumbnail>
		<fanart/>
	</item>

	<item>
		<title>[COLOR pink]Black cock for tiny blonde[/COLOR]</title>
		<link>https://cdn1.4ddicted.com/embed/y_XG1PaS2RhX6z5zxE09Mg/1528462800/24956434.mp4</link>
		<thumbnail>https://rexxx.co/141202922/black-cock-for-tiny-blonde.jpg</thumbnail>
		<fanart/>
	</item>

	<item>
		<title>[COLOR pink]Real estate agent fucked for cash[/COLOR]</title>
		<link>https://cdn1.4ddicted.com/embed/zBkGD68WpWqvxr_OaKR1Xg/1528462800/90399799.mp4</link>
		<thumbnail>https://rexxx.co/141259228/real-estate-agent-fucked-9.jpg</thumbnail>
		<fanart/>
	</item>

	<item>
		<title>[COLOR pink]Blonde fucks BBC to get back at her cheating boyfriend[/COLOR]</title>
		<link>https://cdn1.4ddicted.com/embed/6RMfhcKK7suZo7RYG-3Azg/1528462800/77255611.mp4</link>
		<thumbnail>https://rexxx.co/141331143/blonde-fucks-bbc-back.jpg</thumbnail>
		<fanart/>
	</item>

	<item>
		<title>[COLOR pink]Hot blonde teacher[/COLOR]</title>
		<link>https://cdn1.4ddicted.com/embed/waMU1t1nreq3h-t-Van4qQ/1528462800/25464717.mp4</link>
		<thumbnail>https://rexxx.co/141239859/hot-blonde-teacher-3.jpg</thumbnail>
		<fanart/>
	</item>

	<item>
		<title>[COLOR pink]Blonde gets gang banged[/COLOR]</title>
		<link>https://cdn1.4ddicted.com/embed/upg9WK9x5qvsn5749d7ooQ/1528462800/46029545.mp4</link>
		<thumbnail>https://rexxx.co/141305275/blonde-gang-banged-7.jpg</thumbnail>
		<fanart/>
	</item>

	<item>
		<title>[COLOR pink]Honey I'm Home[/COLOR]</title>
		<link>https://cdn1.4ddicted.com/embed/M0gvGNbx9PZZlWMQGCSLVQ/1528462800/67913491.mp4</link>
		<thumbnail>https://rexxx.co/141413700/honey-im-home-23.jpg</thumbnail>
		<fanart/>
	</item>

	<item>
		<title>[COLOR pink]Tall euro blonde loves dicks as much as cash[/COLOR]</title>
		<link>https://cdn1.4ddicted.com/embed/8ScIOrw5uZ1hsKBDH93QgA/1528462800/85763280.mp4</link>
		<thumbnail>https://rexxx.co/141239843/tall-euro-blonde-loves-dicks.jpg</thumbnail>
		<fanart/>
	</item>

	<item>
		<title>[COLOR pink]Breakfast With Tiffany[/COLOR]</title>
		<link>https://cdn1.4ddicted.com/embed/8iNlT6Bx6ixBuHfZDRG4pA/1528462800/58745957.mp4</link>
		<thumbnail>https://rexxx.co/141347367/breakfast-tiffany-5.jpg</thumbnail>
		<fanart/>
	</item>

	<item>
		<title>[COLOR pink]Nympho sharing her large breasts with 2 men[/COLOR]</title>
		<link>https://cdn1.4ddicted.com/embed/YJ-8CCiiubtPeu_9GGl72Q/1528462800/21841915.mp4</link>
		<thumbnail>https://rexxx.co/141259214/nympho-sharing-large-breasts.jpg</thumbnail>
		<fanart/>
	</item>

	<item>
		<title>[COLOR pink]Ass fuck in the bath[/COLOR]</title>
		<link>https://cdn1.4ddicted.com/embed/qmFMWMMaypuNcIJ-CqvveA/1528462800/37671980.mp4</link>
		<thumbnail>https://rexxx.co/141107088/ass-fuck-in-bath-6.jpg</thumbnail>
		<fanart/>
	</item>

	<item>
		<title>[COLOR pink]Doctor checks his busty patient[/COLOR]</title>
		<link>https://cdn1.4ddicted.com/embed/bwdTo9A_jtlPdn0KsJAC7Q/1528462800/67387706.mp4</link>
		<thumbnail>https://rexxx.co/141239848/doctor-checks-busty-patient.jpg</thumbnail>
		<fanart/>
	</item>

	<item>
		<title>[COLOR pink]Queen of anal sex[/COLOR]</title>
		<link>https://cdn1.4ddicted.com/embed/-4wYANoGJssctwUqs-OZtw/1528462800/60823239.mp4</link>
		<thumbnail>https://rexxx.co/141202920/queen-of-anal-sex-3.jpg</thumbnail>
		<fanart/>
	</item>

	<item>
		<title>[COLOR pink]Lusty sex teacher anal[/COLOR]</title>
		<link>https://cdn1.4ddicted.com/embed/TTm0Z6Iu-UqhJsXOWAVZbg/1528462800/31731353.mp4</link>
		<thumbnail>https://rexxx.co/141107522/lusty-sex-teacher-anal.jpg</thumbnail>
		<fanart/>
	</item>

	<item>
		<title>[COLOR pink]Rich black woman hires male escort to make her squirt[/COLOR]</title>
		<link>https://cdn1.4ddicted.com/embed/BWZJBKsN2HE2K8cyT-Octg/1528462800/91711454.mp4</link>
		<thumbnail>https://rexxx.co/141347368/rich-black-woman-hires-male.jpg</thumbnail>
		<fanart/>
	</item>

	<item>
		<title>[COLOR pink]Tall big booty brunette[/COLOR]</title>
		<link>https://cdn1.4ddicted.com/embed/Ae0IyQrw_VZEOvETK2X2ng/1528462800/49653960.mp4</link>
		<thumbnail>https://rexxx.co/141182636/tall-big-booty-brunette-2.jpg</thumbnail>
		<fanart/>
	</item>

	<item>
		<title>[COLOR pink]Ripe And Beautiful[/COLOR]</title>
		<link>https://cdn1.4ddicted.com/embed/p0QDTzm1esFVWDE6D_iLYQ/1528462800/64744556.mp4</link>
		<thumbnail>https://rexxx.co/141347376/ripe-beautiful-4.jpg</thumbnail>
		<fanart/>
	</item>
</xml>