<xml>
  <item>
	<title>[COLOR gold]VoD 1[/COLOR]</title>
	<link>http://img5.younggirlstube.com/scj/thumbs/galleries/7/184/0_772.flv</link>
	<thumbnail>http://i.imgur.com/cRtpjW2.png</thumbnail>
	<fanart></fanart>
  </item>
  
  <item>
	<title>[COLOR gold]VoD 2[/COLOR]</title>
	<link>http://img5.younggirlstube.com/scj/thumbs/galleries/7/162/0_192.flv</link>
	<thumbnail>http://i.imgur.com/cRtpjW2.png</thumbnail>
	<fanart></fanart>
  </item>
  
  <item>
	<title>[COLOR gold]VoD 3[/COLOR]</title>
	<link>http://img5.younggirlstube.com/scj/thumbs/galleries/7/123/0_833.flv</link>
	<thumbnail>http://i.imgur.com/cRtpjW2.png</thumbnail>
	<fanart></fanart>
  </item>
  
  <item>
	<title>[COLOR gold]VoD 4[/COLOR]</title>
	<link>http://img4.younggirlstube.com/scj/thumbs/galleries/7/042/0_402.flv</link>
	<thumbnail>http://i.imgur.com/cRtpjW2.png</thumbnail>
	<fanart></fanart>
  </item>
  
  <item>
	<title>[COLOR gold]VoD 5[/COLOR]</title>
	<link>http://img4.younggirlstube.com/scj/thumbs/galleries/7/019/0_476.flv</link>
	<thumbnail>http://i.imgur.com/cRtpjW2.png</thumbnail>
	<fanart></fanart>
  </item>
  
  <item>
	<title>[COLOR gold]VoD 6[/COLOR]</title>
	<link>http://img3.younggirlstube.com/scj/thumbs/galleries/7/320/0_228.flv</link>
	<thumbnail>http://i.imgur.com/cRtpjW2.png</thumbnail>
	<fanart></fanart>
  </item>
  
  <item>
	<title>[COLOR gold]VoD 7[/COLOR]</title>
	<link>http://img3.younggirlstube.com/scj/thumbs/galleries/7/162/0_192.flv</link>
	<thumbnail>http://i.imgur.com/cRtpjW2.png</thumbnail>
	<fanart></fanart>
  </item>
  
  <item>
	<title>[COLOR gold]VoD 8[/COLOR]</title>
	<link>http://img3.younggirlstube.com/scj/thumbs/galleries/7/870/0_631.flv</link>
	<thumbnail>http://i.imgur.com/cRtpjW2.png</thumbnail>
	<fanart></fanart>
  </item>
  
  <item>
	<title>[COLOR gold]VoD 9[/COLOR]</title>
	<link>http://img3.younggirlstube.com/scj/thumbs/galleries/7/127/0_242.flv</link>
	<thumbnail>http://i.imgur.com/cRtpjW2.png</thumbnail>
	<fanart></fanart>
  </item>
  
  <item>
	<title>[COLOR gold]VoD 10[/COLOR]</title>
	<link>http://img3.younggirlstube.com/scj/thumbs/galleries/7/160/0_945.flv</link>
	<thumbnail>http://i.imgur.com/cRtpjW2.png</thumbnail>
	<fanart></fanart>
  </item>
  
  <item>
	<title>[COLOR gold]VoD 11[/COLOR]</title>
	<link>http://img3.younggirlstube.com/scj/thumbs/galleries/7/176/0_268.flv</link>
	<thumbnail>http://i.imgur.com/cRtpjW2.png</thumbnail>
	<fanart></fanart>
  </item>
</xml>