<?xml version="1.0" encoding="UTF-8" standalone="yes"?>
<addon id="plugin.video.erotik" name="Erotik (XXX)" version="1.0.21" provider-name="MetalKettle">
  <requires>	<import addon="xbmc.python" version="2.1.0"/>	<import addon="script.module.t0mm0.common" version="1.1.0"/>	<import addon="script.module.beautifulsoup"/>
    <import addon="script.module.urlresolver" version="2.2.0"/>  </requires>    <extension point="xbmc.python.pluginsource" library="default.py">    <provides>video</provides>    </extension>    <extension point="xbmc.addon.metadata">		<reuselanguageinvoker>false</reuselanguageinvoker>
    <summary lang="en"/>
    <description lang="en"/>
    <platform>all</platform>
  </extension>
</addon>
