<?xml version="1.0" encoding="UTF-8" standalone="yes"?>
    <addon id="repository.ktvXXX" name="KTV XXX Repo" version="1.0.3" provider-name="Kritik TV">
        <requires>
            <import addon="xbmc.addon" version="12.0.0"/>
        </requires>
        <extension point="xbmc.addon.repository" name="KTV XXX Repo">
            <info compressed="false">https://raw.githubusercontent.com/Solvtions/ktvXXX/master/_zips/addons.xml</info>
            <checksum>https://raw.githubusercontent.com/Solvtions/ktvXXX/master/_zips/addons.xml.md5</checksum>
            <datadir zip="true">https://raw.githubusercontent.com/Solvtions/ktvXXX/master/_zips/</datadir>
            <hashes>false</hashes>
		    <dir>
                <info compressed="false">https://raw.githubusercontent.com/jenaddon/repository.jenrepo/master/zips/addons.xml</info>
                <checksum>https://raw.githubusercontent.com/jenaddon/repository.jenrepo/master/zips/addons.xml.md5</checksum>
                <datadir zip="true">https://raw.githubusercontent.com/jenaddon/repository.jenrepo/master/zips/</datadir>
                <hashes>false</hashes>
            </dir>			
        </extension>
        <extension point="xbmc.addon.metadata">
            <summary>Kritik TV XXX Repository</summary>
            <description>The most complete XXX build in the Kodi community..!! Enjoy..!!!</description>
            <platform>all</platform>
            <genre>movies,usa</genre>
        </extension>
    </addon>